,Revenue,Net Income,Earnings Per Share (EPS),Gross Profit,Total Assets,Total Liabilities,Short-Term Debt,Long-Term Debt,Shareholders’ Equity,Operating Income (EBIT),Operating Cash Flow,Investing Cash Flow,Financing Cash Flow,Number of Outstanding Shares,Dividends Paid
ACCL.TA,"[1.6, -6.94, -13.59]","[1.6, -6.94, -13.59]","[1.6, -6.94, -13.59]","[1.6, -6.94, -13.59]","[1.6, -6.94, -13.59]","[1.6, -6.94, -13.59]","[1.6, -6.94, -13.59]","[1.6, -6.94, -13.59]","[1.6, -6.94, -13.59]","[None, None, None]","[None, None, None]","[None, None, None]","[None, None, None]","[None, None, None]","[None, None, None]"
AFPR.TA,"[None, None, None]","[1.39, 12.52, 20.28]","[None, None, None]","[None, None, None]","[1.39, 12.52, 20.28]","[None, None, None]","[None, None, None]","[None, None, None]","[1.39, 12.52, 20.28]","[None, None, None]","[None, None, None]","[None, None, None]","[None, None, None]","[None, None, None]","[None, None, None]"
ARPT.TA,"[None, None, None]","[0.39, 8.03, 12.22]","[0.39, 8.03, 12.22]","[0.39, 8.03, 12.22]","[0.39, 8.03, 12.22]","[0.39, 8.03, 12.22]","[None, None, None]","[None, None, None]","[0.39, 8.03, 12.22]","[None, None, None]","[None, None, None]","[None, None, None]","[None, None, None]","[None, None, None]","[None, None, None]"
ALBA.TA,"[0.32, -4.54, -19.72]","[0.32, -4.54, -19.72]","[0.32, -4.54, -19.72]","[0.32, -4.54, -19.72]","[0.32, -4.54, -19.72]","[0.32, -4.54, -19.72]","[None, None, None]","[None, None, None]","[0.32, -4.54, -19.72]","[0.32, -4.54, -19.72]","[None, None, None]","[None, None, None]","[None, None, None]","[None, None, None]","[None, None, None]"
ALLT.TA,"[2.11, 3.93, 0.82]","[2.11, 3.93, 0.82]","[2.11, 3.93, 0.82]","[2.11, 3.93, 0.82]","[2.11, 3.93, 0.82]","[2.11, 3.93, 0.82]","[None, None, None]","[None, None, None]","[2.11, 3.93, 0.82]","[2.11, 3.93, 0.82]","[2.11, 3.93, 0.82]","[2.11, 3.93, 0.82]","[2.11, 3.93, 0.82]","[2.11, 3.93, 0.82]","[None, None, None]"
ALMA.TA,"[-2.52, 11.91, 24.08]","[-2.52, 11.91, 24.08]","[-2.52, 11.91, 24.08]","[-2.52, 11.91, 24.08]","[-2.52, 11.91, 24.08]","[-2.52, 11.91, 24.08]","[-2.52, 11.91, 24.08]","[-2.52, 11.91, 24.08]","[-2.52, 11.91, 24.08]","[-2.52, 11.91, 24.08]","[-2.52, 11.91, 24.08]","[None, None, None]","[None, None, None]","[None, None, None]","[-2.52, 11.91, 24.08]"
AMOT.TA,"[None, None, None]","[-0.24, 9.63, 14.25]","[None, None, None]","[None, None, None]","[-0.24, 9.63, 14.25]","[-0.24, 9.63, 14.25]","[-0.24, 9.63, 14.25]","[-0.24, 9.63, 14.25]","[-0.24, 9.63, 14.25]","[None, None, None]","[None, None, None]","[None, None, None]","[None, None, None]","[-0.24, 9.63, 14.25]","[None, None, None]"
APLP.TA,"[1.74, 14.45, 69.97]","[None, None, None]","[1.74, 14.45, 69.97]","[1.74, 14.45, 69.97]","[1.74, 14.45, 69.97]","[1.74, 14.45, 69.97]","[None, None, None]","[None, None, None]","[1.74, 14.45, 69.97]","[None, None, None]","[1.74, 14.45, 69.97]","[1.74, 14.45, 69.97]","[1.74, 14.45, 69.97]","[None, None, None]","[None, None, None]"
ASHO.TA,"[-0.67, -1.93, 2.5]","[-0.67, -1.93, 2.5]","[-0.67, -1.93, 2.5]","[-0.67, -1.93, 2.5]","[-0.67, -1.93, 2.5]","[-0.67, -1.93, 2.5]","[None, None, None]","[None, None, None]","[-0.67, -1.93, 2.5]","[-0.67, -1.93, 2.5]","[None, None, None]","[None, None, None]","[None, None, None]","[None, None, None]","[None, None, None]"
ASHG.TA,"[-1.15, 2.64, 7.95]","[-1.15, 2.64, 7.95]","[None, None, None]","[-1.15, 2.64, 7.95]","[-1.15, 2.64, 7.95]","[None, None, None]","[None, None, None]","[None, None, None]","[-1.15, 2.64, 7.95]","[-1.15, 2.64, 7.95]","[None, None, None]","[None, None, None]","[None, None, None]","[None, None, None]","[None, None, None]"
ASGR.TA,"[1.84, 1.4, 2.0]","[1.84, 1.4, 2.0]","[1.84, 1.4, 2.0]","[1.84, 1.4, 2.0]","[1.84, 1.4, 2.0]","[1.84, 1.4, 2.0]","[1.84, 1.4, 2.0]","[1.84, 1.4, 2.0]","[1.84, 1.4, 2.0]","[None, None, None]","[None, None, None]","[None, None, None]","[None, None, None]","[None, None, None]","[None, None, None]"
AUDC.TA,"[-0.08, 2.68, 12.07]","[-0.08, 2.68, 12.07]","[-0.08, 2.68, 12.07]","[-0.08, 2.68, 12.07]","[-0.08, 2.68, 12.07]","[-0.08, 2.68, 12.07]","[-0.08, 2.68, 12.07]","[None, None, None]","[-0.08, 2.68, 12.07]","[-0.08, 2.68, 12.07]","[-0.08, 2.68, 12.07]","[-0.08, 2.68, 12.07]","[-0.08, 2.68, 12.07]","[-0.08, 2.68, 12.07]","[-0.08, 2.68, 12.07]"
AVGL.TA,"[2.14, -1.52, -4.36]","[2.14, -1.52, -4.36]","[2.14, -1.52, -4.36]","[2.14, -1.52, -4.36]","[2.14, -1.52, -4.36]","[2.14, -1.52, -4.36]","[2.14, -1.52, -4.36]","[2.14, -1.52, -4.36]","[2.14, -1.52, -4.36]","[2.14, -1.52, -4.36]","[None, None, None]","[None, None, None]","[None, None, None]","[2.14, -1.52, -4.36]","[None, None, None]"
AVIV.TA,"[1.58, 4.26, 13.41]","[1.58, 4.26, 13.41]","[None, None, None]","[1.58, 4.26, 13.41]","[1.58, 4.26, 13.41]","[1.58, 4.26, 13.41]","[None, None, None]","[None, None, None]","[1.58, 4.26, 13.41]","[1.58, 4.26, 13.41]","[None, None, None]","[None, None, None]","[None, None, None]","[None, None, None]","[None, None, None]"
AVRT.TA,"[6.34, -2.21, 17.07]","[6.34, -2.21, 17.07]","[6.34, -2.21, 17.07]","[6.34, -2.21, 17.07]","[6.34, -2.21, 17.07]","[6.34, -2.21, 17.07]","[None, None, None]","[None, None, None]","[6.34, -2.21, 17.07]","[None, None, None]","[6.34, -2.21, 17.07]","[None, None, None]","[None, None, None]","[None, None, None]","[None, None, None]"
AYAL.TA,"[0.31, 9.12, 21.08]","[0.31, 9.12, 21.08]","[None, None, None]","[None, None, None]","[0.31, 9.12, 21.08]","[0.31, 9.12, 21.08]","[0.31, 9.12, 21.08]","[0.31, 9.12, 21.08]","[0.31, 9.12, 21.08]","[None, None, None]","[None, None, None]","[None, None, None]","[None, None, None]","[None, None, None]","[None, None, None]"
AZRM.TA,"[-0.71, 1.99, 7.24]","[-0.71, 1.99, 7.24]","[-0.71, 1.99, 7.24]","[-0.71, 1.99, 7.24]","[-0.71, 1.99, 7.24]","[-0.71, 1.99, 7.24]","[-0.71, 1.99, 7.24]","[-0.71, 1.99, 7.24]","[-0.71, 1.99, 7.24]","[None, None, None]","[None, None, None]","[None, None, None]","[None, None, None]","[None, None, None]","[None, None, None]"
BKRY.TA,"[1.39, -3.94, -2.2]","[1.39, -3.94, -2.2]","[1.39, -3.94, -2.2]","[1.39, -3.94, -2.2]","[1.39, -3.94, -2.2]","[1.39, -3.94, -2.2]","[None, None, None]","[1.39, -3.94, -2.2]","[1.39, -3.94, -2.2]","[1.39, -3.94, -2.2]","[1.39, -3.94, -2.2]","[1.39, -3.94, -2.2]","[1.39, -3.94, -2.2]","[None, None, None]","[None, None, None]"
BIOV.TA,"[0.23, -0.43, -2.4]","[0.23, -0.43, -2.4]","[0.23, -0.43, -2.4]","[0.23, -0.43, -2.4]","[0.23, -0.43, -2.4]","[0.23, -0.43, -2.4]","[None, None, None]","[None, None, None]","[0.23, -0.43, -2.4]","[None, None, None]","[0.23, -0.43, -2.4]","[0.23, -0.43, -2.4]","[0.23, -0.43, -2.4]","[None, None, None]","[None, None, None]"
BOLT.TA,"[None, None, None]","[None, None, None]","[None, None, None]","[None, None, None]","[None, None, None]","[None, None, None]","[None, None, None]","[None, None, None]","[None, None, None]","[None, None, None]","[None, None, None]","[None, None, None]","[None, None, None]","[None, None, None]","[None, None, None]"
BONS.TA,"[None, None, None]","[None, None, None]","[2.61, 7.46, 10.85]","[None, None, None]","[2.61, 7.46, 10.85]","[2.61, 7.46, 10.85]","[None, None, None]","[None, None, None]","[2.61, 7.46, 10.85]","[None, None, None]","[None, None, None]","[2.61, 7.46, 10.85]","[2.61, 7.46, 10.85]","[None, None, None]","[None, None, None]"
BCNV-M.TA,"[None, None, None]","[-0.02, 3.02, 10.45]","[-0.02, 3.02, 10.45]","[None, None, None]","[-0.02, 3.02, 10.45]","[-0.02, 3.02, 10.45]","[None, None, None]","[None, None, None]","[-0.02, 3.02, 10.45]","[None, None, None]","[None, None, None]","[None, None, None]","[None, None, None]","[None, None, None]","[None, None, None]"
BRAM.TA,"[-0.07, -3.15, -7.29]","[-0.07, -3.15, -7.29]","[-0.07, -3.15, -7.29]","[-0.07, -3.15, -7.29]","[-0.07, -3.15, -7.29]","[-0.07, -3.15, -7.29]","[-0.07, -3.15, -7.29]","[-0.07, -3.15, -7.29]","[-0.07, -3.15, -7.29]","[-0.07, -3.15, -7.29]","[None, None, None]","[-0.07, -3.15, -7.29]","[-0.07, -3.15, -7.29]","[None, None, None]","[None, None, None]"
CISY.TA,"[-0.23, 1.82, 9.94]","[-0.23, 1.82, 9.94]","[-0.23, 1.82, 9.94]","[-0.23, 1.82, 9.94]","[-0.23, 1.82, 9.94]","[-0.23, 1.82, 9.94]","[None, None, None]","[None, None, None]","[-0.23, 1.82, 9.94]","[-0.23, 1.82, 9.94]","[-0.23, 1.82, 9.94]","[-0.23, 1.82, 9.94]","[-0.23, 1.82, 9.94]","[-0.23, 1.82, 9.94]","[-0.23, 1.82, 9.94]"
CAMT.TA,"[2.96, 6.55, 20.92]","[2.96, 6.55, 20.92]","[2.96, 6.55, 20.92]","[2.96, 6.55, 20.92]","[2.96, 6.55, 20.92]","[2.96, 6.55, 20.92]","[None, None, None]","[None, None, None]","[2.96, 6.55, 20.92]","[2.96, 6.55, 20.92]","[2.96, 6.55, 20.92]","[None, None, None]","[None, None, None]","[2.96, 6.55, 20.92]","[None, None, None]"
CRSM.TA,"[-0.56, 2.44, 5.32]","[-0.56, 2.44, 5.32]","[None, None, None]","[-0.56, 2.44, 5.32]","[-0.56, 2.44, 5.32]","[-0.56, 2.44, 5.32]","[-0.56, 2.44, 5.32]","[None, None, None]","[-0.56, 2.44, 5.32]","[None, None, None]","[-0.56, 2.44, 5.32]","[-0.56, 2.44, 5.32]","[-0.56, 2.44, 5.32]","[None, None, None]","[-0.56, 2.44, 5.32]"
CEL.TA,"[-0.86, -6.53, -5.57]","[-0.86, -6.53, -5.57]","[-0.86, -6.53, -5.57]","[-0.86, -6.53, -5.57]","[-0.86, -6.53, -5.57]","[-0.86, -6.53, -5.57]","[None, None, None]","[None, None, None]","[-0.86, -6.53, -5.57]","[-0.86, -6.53, -5.57]","[None, None, None]","[None, None, None]","[None, None, None]","[None, None, None]","[None, None, None]"
CLIS.TA,"[1.43, 2.74, 12.95]","[1.43, 2.74, 12.95]","[None, None, None]","[None, None, None]","[1.43, 2.74, 12.95]","[1.43, 2.74, 12.95]","[None, None, None]","[None, None, None]","[1.43, 2.74, 12.95]","[None, None, None]","[None, None, None]","[1.43, 2.74, 12.95]","[1.43, 2.74, 12.95]","[None, None, None]","[None, None, None]"
CGEN.TA,"[None, None, None]","[2.35, -2.46, -11.65]","[2.35, -2.46, -11.65]","[None, None, None]","[2.35, -2.46, -11.65]","[2.35, -2.46, -11.65]","[None, None, None]","[None, None, None]","[2.35, -2.46, -11.65]","[None, None, None]","[None, None, None]","[None, None, None]","[None, None, None]","[2.35, -2.46, -11.65]","[None, None, None]"
DANH.TA,"[0.0, -0.32, -1.6]","[0.0, -0.32, -1.6]","[0.0, -0.32, -1.6]","[None, None, None]","[0.0, -0.32, -1.6]","[0.0, -0.32, -1.6]","[0.0, -0.32, -1.6]","[0.0, -0.32, -1.6]","[0.0, -0.32, -1.6]","[0.0, -0.32, -1.6]","[0.0, -0.32, -1.6]","[0.0, -0.32, -1.6]","[0.0, -0.32, -1.6]","[None, None, None]","[None, None, None]"
DNYA.TA,"[2.08, 4.4, 12.78]","[2.08, 4.4, 12.78]","[2.08, 4.4, 12.78]","[2.08, 4.4, 12.78]","[2.08, 4.4, 12.78]","[2.08, 4.4, 12.78]","[None, None, None]","[None, None, None]","[2.08, 4.4, 12.78]","[None, None, None]","[None, None, None]","[None, None, None]","[None, None, None]","[None, None, None]","[None, None, None]"
DLEA.TA,"[0.15, -3.04, 0.82]","[0.15, -3.04, 0.82]","[None, None, None]","[0.15, -3.04, 0.82]","[0.15, -3.04, 0.82]","[0.15, -3.04, 0.82]","[0.15, -3.04, 0.82]","[0.15, -3.04, 0.82]","[0.15, -3.04, 0.82]","[0.15, -3.04, 0.82]","[0.15, -3.04, 0.82]","[0.15, -3.04, 0.82]","[0.15, -3.04, 0.82]","[None, None, None]","[0.15, -3.04, 0.82]"
DLEKG.TA,"[None, None, None]","[-0.85, -12.38, 10.29]","[None, None, None]","[None, None, None]","[-0.85, -12.38, 10.29]","[None, None, None]","[None, None, None]","[None, None, None]","[None, None, None]","[None, None, None]","[None, None, None]","[None, None, None]","[None, None, None]","[-0.85, -12.38, 10.29]","[None, None, None]"
DELG.TA,"[-0.41, 4.75, 42.94]","[-0.41, 4.75, 42.94]","[-0.41, 4.75, 42.94]","[-0.41, 4.75, 42.94]","[-0.41, 4.75, 42.94]","[-0.41, 4.75, 42.94]","[None, None, None]","[None, None, None]","[-0.41, 4.75, 42.94]","[None, None, None]","[None, None, None]","[None, None, None]","[None, None, None]","[None, None, None]","[None, None, None]"
DIPL.TA,"[-0.36, -4.87, -5.09]","[-0.36, -4.87, -5.09]","[-0.36, -4.87, -5.09]","[-0.36, -4.87, -5.09]","[-0.36, -4.87, -5.09]","[-0.36, -4.87, -5.09]","[None, None, None]","[None, None, None]","[-0.36, -4.87, -5.09]","[-0.36, -4.87, -5.09]","[None, None, None]","[None, None, None]","[None, None, None]","[None, None, None]","[None, None, None]"
DSCT.TA,"[None, None, None]","[0.68, 1.81, 11.67]","[0.68, 1.81, 11.67]","[None, None, None]","[0.68, 1.81, 11.67]","[0.68, 1.81, 11.67]","[None, None, None]","[None, None, None]","[0.68, 1.81, 11.67]","[None, None, None]","[None, None, None]","[None, None, None]","[None, None, None]","[None, None, None]","[None, None, None]"
DISI.TA,"[None, None, None]","[-0.41, 6.53, 2.99]","[None, None, None]","[None, None, None]","[-0.41, 6.53, 2.99]","[-0.41, 6.53, 2.99]","[-0.41, 6.53, 2.99]","[-0.41, 6.53, 2.99]","[-0.41, 6.53, 2.99]","[None, None, None]","[None, None, None]","[None, None, None]","[None, None, None]","[None, None, None]","[None, None, None]"
DRAL.TA,"[0.21, 0.98, 9.35]","[0.21, 0.98, 9.35]","[None, None, None]","[None, None, None]","[0.21, 0.98, 9.35]","[0.21, 0.98, 9.35]","[0.21, 0.98, 9.35]","[None, None, None]","[0.21, 0.98, 9.35]","[None, None, None]","[None, None, None]","[None, None, None]","[None, None, None]","[None, None, None]","[None, None, None]"
ELAL.TA,"[-0.69, -4.92, -11.07]","[None, None, None]","[None, None, None]","[-0.69, -4.92, -11.07]","[-0.69, -4.92, -11.07]","[None, None, None]","[None, None, None]","[None, None, None]","[-0.69, -4.92, -11.07]","[None, None, None]","[None, None, None]","[None, None, None]","[None, None, None]","[None, None, None]","[None, None, None]"
ESLT.TA,"[0.53, -2.02, 1.0]","[0.53, -2.02, 1.0]","[0.53, -2.02, 1.0]","[0.53, -2.02, 1.0]","[0.53, -2.02, 1.0]","[0.53, -2.02, 1.0]","[0.53, -2.02, 1.0]","[0.53, -2.02, 1.0]","[0.53, -2.02, 1.0]","[0.53, -2.02, 1.0]","[0.53, -2.02, 1.0]","[0.53, -2.02, 1.0]","[0.53, -2.02, 1.0]","[0.53, -2.02, 1.0]","[0.53, -2.02, 1.0]"
ELCO.TA,"[0.05, 1.18, 9.91]","[0.05, 1.18, 9.91]","[0.05, 1.18, 9.91]","[None, None, None]","[0.05, 1.18, 9.91]","[None, None, None]","[None, None, None]","[None, None, None]","[0.05, 1.18, 9.91]","[None, None, None]","[None, None, None]","[None, None, None]","[None, None, None]","[None, None, None]","[0.05, 1.18, 9.91]"
ELTR.TA,"[-0.87, 0.94, 6.03]","[-0.87, 0.94, 6.03]","[None, None, None]","[-0.87, 0.94, 6.03]","[-0.87, 0.94, 6.03]","[-0.87, 0.94, 6.03]","[None, None, None]","[None, None, None]","[-0.87, 0.94, 6.03]","[-0.87, 0.94, 6.03]","[None, None, None]","[None, None, None]","[None, None, None]","[None, None, None]","[None, None, None]"
ECP.TA,"[-1.28, -1.77, 6.09]","[-1.28, -1.77, 6.09]","[-1.28, -1.77, 6.09]","[-1.28, -1.77, 6.09]","[-1.28, -1.77, 6.09]","[None, None, None]","[None, None, None]","[None, None, None]","[-1.28, -1.77, 6.09]","[-1.28, -1.77, 6.09]","[None, None, None]","[None, None, None]","[None, None, None]","[None, None, None]","[-1.28, -1.77, 6.09]"
ELCP.TA,"[-1.14, 2.12, -0.41]","[-1.14, 2.12, -0.41]","[None, None, None]","[None, None, None]","[-1.14, 2.12, -0.41]","[-1.14, 2.12, -0.41]","[None, None, None]","[None, None, None]","[-1.14, 2.12, -0.41]","[None, None, None]","[-1.14, 2.12, -0.41]","[-1.14, 2.12, -0.41]","[-1.14, 2.12, -0.41]","[None, None, None]","[None, None, None]"
ELCRE.TA,"[None, None, None]","[1.51, 7.24, 36.08]","[None, None, None]","[None, None, None]","[1.51, 7.24, 36.08]","[None, None, None]","[None, None, None]","[None, None, None]","[1.51, 7.24, 36.08]","[None, None, None]","[1.51, 7.24, 36.08]","[1.51, 7.24, 36.08]","[1.51, 7.24, 36.08]","[None, None, None]","[1.51, 7.24, 36.08]"
ELWS.TA,"[None, None, None]","[2.12, 0.78, -12.46]","[2.12, 0.78, -12.46]","[None, None, None]","[2.12, 0.78, -12.46]","[2.12, 0.78, -12.46]","[None, None, None]","[None, None, None]","[2.12, 0.78, -12.46]","[None, None, None]","[None, None, None]","[None, None, None]","[None, None, None]","[None, None, None]","[None, None, None]"
ENOG.TA,"[3.18, -6.09, -1.71]","[None, None, None]","[None, None, None]","[None, None, None]","[None, None, None]","[None, None, None]","[None, None, None]","[None, None, None]","[None, None, None]","[None, None, None]","[None, None, None]","[None, None, None]","[None, None, None]","[None, None, None]","[None, None, None]"
ENLT.TA,"[None, None, None]","[None, None, None]","[None, None, None]","[None, None, None]","[None, None, None]","[None, None, None]","[None, None, None]","[None, None, None]","[None, None, None]","[None, None, None]","[None, None, None]","[None, None, None]","[None, None, None]","[None, None, None]","[None, None, None]"
ENLV.TA,"[None, None, None]","[3.96, -2.46, 3.06]","[3.96, -2.46, 3.06]","[None, None, None]","[3.96, -2.46, 3.06]","[3.96, -2.46, 3.06]","[None, None, None]","[None, None, None]","[3.96, -2.46, 3.06]","[3.96, -2.46, 3.06]","[3.96, -2.46, 3.06]","[3.96, -2.46, 3.06]","[3.96, -2.46, 3.06]","[3.96, -2.46, 3.06]","[None, None, None]"
EQTL.TA,"[-1.7, 0.95, 4.74]","[-1.7, 0.95, 4.74]","[None, None, None]","[None, None, None]","[-1.7, 0.95, 4.74]","[-1.7, 0.95, 4.74]","[None, None, None]","[None, None, None]","[-1.7, 0.95, 4.74]","[-1.7, 0.95, 4.74]","[None, None, None]","[None, None, None]","[None, None, None]","[None, None, None]","[None, None, None]"
EVGN.TA,"[6.91, -10.2, -21.75]","[6.91, -10.2, -21.75]","[6.91, -10.2, -21.75]","[6.91, -10.2, -21.75]","[6.91, -10.2, -21.75]","[6.91, -10.2, -21.75]","[None, None, None]","[None, None, None]","[6.91, -10.2, -21.75]","[6.91, -10.2, -21.75]","[None, None, None]","[6.91, -10.2, -21.75]","[6.91, -10.2, -21.75]","[6.91, -10.2, -21.75]","[None, None, None]"
FTAL.TA,"[-1.22, -7.52, -10.21]","[-1.22, -7.52, -10.21]","[None, None, None]","[None, None, None]","[-1.22, -7.52, -10.21]","[-1.22, -7.52, -10.21]","[None, None, None]","[-1.22, -7.52, -10.21]","[-1.22, -7.52, -10.21]","[-1.22, -7.52, -10.21]","[-1.22, -7.52, -10.21]","[-1.22, -7.52, -10.21]","[-1.22, -7.52, -10.21]","[None, None, None]","[None, None, None]"
FRSX.TA,"[None, None, None]","[2.88, -19.99, -26.76]","[2.88, -19.99, -26.76]","[None, None, None]","[2.88, -19.99, -26.76]","[2.88, -19.99, -26.76]","[None, None, None]","[None, None, None]","[2.88, -19.99, -26.76]","[2.88, -19.99, -26.76]","[2.88, -19.99, -26.76]","[2.88, -19.99, -26.76]","[2.88, -19.99, -26.76]","[None, None, None]","[None, None, None]"
FORTY.TA,"[-0.77, 1.53, 2.75]","[-0.77, 1.53, 2.75]","[-0.77, 1.53, 2.75]","[-0.77, 1.53, 2.75]","[-0.77, 1.53, 2.75]","[-0.77, 1.53, 2.75]","[-0.77, 1.53, 2.75]","[-0.77, 1.53, 2.75]","[-0.77, 1.53, 2.75]","[-0.77, 1.53, 2.75]","[None, None, None]","[None, None, None]","[None, None, None]","[-0.77, 1.53, 2.75]","[None, None, None]"
FOX.TA,"[0.75, 0.77, 4.15]","[0.75, 0.77, 4.15]","[0.75, 0.77, 4.15]","[0.75, 0.77, 4.15]","[0.75, 0.77, 4.15]","[0.75, 0.77, 4.15]","[0.75, 0.77, 4.15]","[0.75, 0.77, 4.15]","[0.75, 0.77, 4.15]","[0.75, 0.77, 4.15]","[0.75, 0.77, 4.15]","[0.75, 0.77, 4.15]","[0.75, 0.77, 4.15]","[None, None, None]","[None, None, None]"
GSFI.TA,"[0.9, -0.77, 3.44]","[0.9, -0.77, 3.44]","[0.9, -0.77, 3.44]","[0.9, -0.77, 3.44]","[0.9, -0.77, 3.44]","[0.9, -0.77, 3.44]","[None, None, None]","[None, None, None]","[0.9, -0.77, 3.44]","[0.9, -0.77, 3.44]","[None, None, None]","[None, None, None]","[None, None, None]","[None, None, None]","[None, None, None]"
GAGR.TA,"[1.55, 4.63, -2.05]","[1.55, 4.63, -2.05]","[1.55, 4.63, -2.05]","[1.55, 4.63, -2.05]","[1.55, 4.63, -2.05]","[1.55, 4.63, -2.05]","[1.55, 4.63, -2.05]","[1.55, 4.63, -2.05]","[1.55, 4.63, -2.05]","[1.55, 4.63, -2.05]","[1.55, 4.63, -2.05]","[1.55, 4.63, -2.05]","[1.55, 4.63, -2.05]","[None, None, None]","[None, None, None]"
GVYM.TA,"[-1.96, 4.95, 11.88]","[-1.96, 4.95, 11.88]","[None, None, None]","[None, None, None]","[-1.96, 4.95, 11.88]","[-1.96, 4.95, 11.88]","[None, None, None]","[None, None, None]","[-1.96, 4.95, 11.88]","[-1.96, 4.95, 11.88]","[-1.96, 4.95, 11.88]","[None, None, None]","[-1.96, 4.95, 11.88]","[None, None, None]","[-1.96, 4.95, 11.88]"
GNRS.TA,"[None, None, None]","[-0.71, -5.64, -6.51]","[None, None, None]","[None, None, None]","[-0.71, -5.64, -6.51]","[-0.71, -5.64, -6.51]","[None, None, None]","[None, None, None]","[-0.71, -5.64, -6.51]","[None, None, None]","[None, None, None]","[None, None, None]","[None, None, None]","[None, None, None]","[-0.71, -5.64, -6.51]"
GILT.TA,"[1.09, -0.18, -7.16]","[1.09, -0.18, -7.16]","[1.09, -0.18, -7.16]","[1.09, -0.18, -7.16]","[1.09, -0.18, -7.16]","[1.09, -0.18, -7.16]","[None, None, None]","[None, None, None]","[1.09, -0.18, -7.16]","[1.09, -0.18, -7.16]","[1.09, -0.18, -7.16]","[1.09, -0.18, -7.16]","[None, None, None]","[1.09, -0.18, -7.16]","[1.09, -0.18, -7.16]"
GRIN.TA,"[-1.14, 5.31, 15.52]","[-1.14, 5.31, 15.52]","[-1.14, 5.31, 15.52]","[-1.14, 5.31, 15.52]","[-1.14, 5.31, 15.52]","[-1.14, 5.31, 15.52]","[-1.14, 5.31, 15.52]","[-1.14, 5.31, 15.52]","[-1.14, 5.31, 15.52]","[-1.14, 5.31, 15.52]","[-1.14, 5.31, 15.52]","[-1.14, 5.31, 15.52]","[-1.14, 5.31, 15.52]","[None, None, None]","[None, None, None]"
GOLD.TA,"[-0.08, 9.04, 7.09]","[-0.08, 9.04, 7.09]","[-0.08, 9.04, 7.09]","[-0.08, 9.04, 7.09]","[-0.08, 9.04, 7.09]","[-0.08, 9.04, 7.09]","[-0.08, 9.04, 7.09]","[-0.08, 9.04, 7.09]","[-0.08, 9.04, 7.09]","[None, None, None]","[-0.08, 9.04, 7.09]","[-0.08, 9.04, 7.09]","[-0.08, 9.04, 7.09]","[-0.08, 9.04, 7.09]","[None, None, None]"
GOHO.TA,"[2.25, -1.76, 3.97]","[2.25, -1.76, 3.97]","[None, None, None]","[2.25, -1.76, 3.97]","[2.25, -1.76, 3.97]","[2.25, -1.76, 3.97]","[None, None, None]","[None, None, None]","[2.25, -1.76, 3.97]","[2.25, -1.76, 3.97]","[2.25, -1.76, 3.97]","[2.25, -1.76, 3.97]","[2.25, -1.76, 3.97]","[2.25, -1.76, 3.97]","[None, None, None]"
HAMAT.TA,"[0.15, 10.84, 14.49]","[0.15, 10.84, 14.49]","[0.15, 10.84, 14.49]","[0.15, 10.84, 14.49]","[0.15, 10.84, 14.49]","[0.15, 10.84, 14.49]","[None, None, None]","[None, None, None]","[0.15, 10.84, 14.49]","[0.15, 10.84, 14.49]","[None, None, None]","[None, None, None]","[None, None, None]","[None, None, None]","[None, None, None]"
HARL.TA,"[-0.42, -1.84, -0.07]","[-0.42, -1.84, -0.07]","[None, None, None]","[None, None, None]","[-0.42, -1.84, -0.07]","[-0.42, -1.84, -0.07]","[None, None, None]","[None, None, None]","[-0.42, -1.84, -0.07]","[None, None, None]","[None, None, None]","[None, None, None]","[None, None, None]","[None, None, None]","[None, None, None]"
HLAN.TA,"[2.0, 6.69, 7.1]","[2.0, 6.69, 7.1]","[None, None, None]","[2.0, 6.69, 7.1]","[2.0, 6.69, 7.1]","[2.0, 6.69, 7.1]","[2.0, 6.69, 7.1]","[2.0, 6.69, 7.1]","[2.0, 6.69, 7.1]","[2.0, 6.69, 7.1]","[2.0, 6.69, 7.1]","[2.0, 6.69, 7.1]","[2.0, 6.69, 7.1]","[None, None, None]","[None, None, None]"
HRON.TA,"[None, None, None]","[-0.52, 5.81, 8.11]","[-0.52, 5.81, 8.11]","[-0.52, 5.81, 8.11]","[-0.52, 5.81, 8.11]","[-0.52, 5.81, 8.11]","[-0.52, 5.81, 8.11]","[-0.52, 5.81, 8.11]","[-0.52, 5.81, 8.11]","[None, None, None]","[-0.52, 5.81, 8.11]","[-0.52, 5.81, 8.11]","[-0.52, 5.81, 8.11]","[None, None, None]","[None, None, None]"
HLMS.TA,"[-0.94, -2.7, 1.07]","[-0.94, -2.7, 1.07]","[-0.94, -2.7, 1.07]","[-0.94, -2.7, 1.07]","[-0.94, -2.7, 1.07]","[None, None, None]","[None, None, None]","[None, None, None]","[-0.94, -2.7, 1.07]","[None, None, None]","[-0.94, -2.7, 1.07]","[-0.94, -2.7, 1.07]","[-0.94, -2.7, 1.07]","[None, None, None]","[None, None, None]"
INRM.TA,"[-0.21, 7.27, -0.39]","[-0.21, 7.27, -0.39]","[-0.21, 7.27, -0.39]","[-0.21, 7.27, -0.39]","[-0.21, 7.27, -0.39]","[-0.21, 7.27, -0.39]","[None, None, None]","[None, None, None]","[-0.21, 7.27, -0.39]","[-0.21, 7.27, -0.39]","[-0.21, 7.27, -0.39]","[-0.21, 7.27, -0.39]","[-0.21, 7.27, -0.39]","[None, None, None]","[-0.21, 7.27, -0.39]"
INCR.TA,"[3.92, -5.19, -2.81]","[3.92, -5.19, -2.81]","[3.92, -5.19, -2.81]","[3.92, -5.19, -2.81]","[3.92, -5.19, -2.81]","[3.92, -5.19, -2.81]","[3.92, -5.19, -2.81]","[3.92, -5.19, -2.81]","[3.92, -5.19, -2.81]","[3.92, -5.19, -2.81]","[3.92, -5.19, -2.81]","[3.92, -5.19, -2.81]","[3.92, -5.19, -2.81]","[3.92, -5.19, -2.81]","[None, None, None]"
ISCN.TA,"[1.77, 16.83, 24.44]","[1.77, 16.83, 24.44]","[None, None, None]","[None, None, None]","[1.77, 16.83, 24.44]","[1.77, 16.83, 24.44]","[None, None, None]","[None, None, None]","[1.77, 16.83, 24.44]","[1.77, 16.83, 24.44]","[None, None, None]","[None, None, None]","[None, None, None]","[None, None, None]","[None, None, None]"
ISRA.TA,"[-0.07, 6.25, 6.67]","[-0.07, 6.25, 6.67]","[-0.07, 6.25, 6.67]","[None, None, None]","[-0.07, 6.25, 6.67]","[-0.07, 6.25, 6.67]","[None, None, None]","[None, None, None]","[-0.07, 6.25, 6.67]","[-0.07, 6.25, 6.67]","[-0.07, 6.25, 6.67]","[-0.07, 6.25, 6.67]","[-0.07, 6.25, 6.67]","[-0.07, 6.25, 6.67]","[None, None, None]"
ISTA.TA,"[0.84, 9.63, 5.48]","[0.84, 9.63, 5.48]","[0.84, 9.63, 5.48]","[0.84, 9.63, 5.48]","[0.84, 9.63, 5.48]","[0.84, 9.63, 5.48]","[None, None, None]","[None, None, None]","[0.84, 9.63, 5.48]","[0.84, 9.63, 5.48]","[None, None, None]","[0.84, 9.63, 5.48]","[0.84, 9.63, 5.48]","[0.84, 9.63, 5.48]","[None, None, None]"
JBNK.TA,"[None, None, None]","[-0.37, 6.04, 10.86]","[None, None, None]","[None, None, None]","[-0.37, 6.04, 10.86]","[-0.37, 6.04, 10.86]","[None, None, None]","[None, None, None]","[-0.37, 6.04, 10.86]","[None, None, None]","[None, None, None]","[None, None, None]","[None, None, None]","[None, None, None]","[None, None, None]"
KAFR.TA,"[-0.63, 0.31, 12.95]","[-0.63, 0.31, 12.95]","[None, None, None]","[-0.63, 0.31, 12.95]","[-0.63, 0.31, 12.95]","[-0.63, 0.31, 12.95]","[-0.63, 0.31, 12.95]","[-0.63, 0.31, 12.95]","[-0.63, 0.31, 12.95]","[-0.63, 0.31, 12.95]","[-0.63, 0.31, 12.95]","[-0.63, 0.31, 12.95]","[-0.63, 0.31, 12.95]","[None, None, None]","[None, None, None]"
KMDA.TA,"[0.44, -4.8, -8.49]","[0.44, -4.8, -8.49]","[0.44, -4.8, -8.49]","[0.44, -4.8, -8.49]","[0.44, -4.8, -8.49]","[0.44, -4.8, -8.49]","[0.44, -4.8, -8.49]","[0.44, -4.8, -8.49]","[0.44, -4.8, -8.49]","[0.44, -4.8, -8.49]","[0.44, -4.8, -8.49]","[0.44, -4.8, -8.49]","[0.44, -4.8, -8.49]","[None, None, None]","[None, None, None]"
KRDI.TA,"[None, None, None]","[None, None, None]","[None, None, None]","[None, None, None]","[1.16, 40.98, 26.32]","[1.16, 40.98, 26.32]","[None, None, None]","[None, None, None]","[1.16, 40.98, 26.32]","[None, None, None]","[None, None, None]","[None, None, None]","[None, None, None]","[None, None, None]","[None, None, None]"
KEN.TA,"[None, None, None]","[-0.22, 1.84, 19.21]","[-0.22, 1.84, 19.21]","[-0.22, 1.84, 19.21]","[-0.22, 1.84, 19.21]","[-0.22, 1.84, 19.21]","[-0.22, 1.84, 19.21]","[-0.22, 1.84, 19.21]","[-0.22, 1.84, 19.21]","[-0.22, 1.84, 19.21]","[-0.22, 1.84, 19.21]","[-0.22, 1.84, 19.21]","[-0.22, 1.84, 19.21]","[None, None, None]","[None, None, None]"
KRUR.TA,"[-0.31, -3.75, 0.25]","[-0.31, -3.75, 0.25]","[-0.31, -3.75, 0.25]","[-0.31, -3.75, 0.25]","[-0.31, -3.75, 0.25]","[-0.31, -3.75, 0.25]","[None, None, None]","[None, None, None]","[-0.31, -3.75, 0.25]","[-0.31, -3.75, 0.25]","[-0.31, -3.75, 0.25]","[-0.31, -3.75, 0.25]","[-0.31, -3.75, 0.25]","[None, None, None]","[-0.31, -3.75, 0.25]"
LAHAV.TA,"[None, None, None]","[None, None, None]","[None, None, None]","[None, None, None]","[None, None, None]","[None, None, None]","[None, None, None]","[None, None, None]","[None, None, None]","[None, None, None]","[None, None, None]","[None, None, None]","[None, None, None]","[None, None, None]","[None, None, None]"
LPHL.TA,"[-1.61, -2.66, -2.01]","[None, None, None]","[-1.61, -2.66, -2.01]","[None, None, None]","[-1.61, -2.66, -2.01]","[-1.61, -2.66, -2.01]","[None, None, None]","[None, None, None]","[-1.61, -2.66, -2.01]","[None, None, None]","[None, None, None]","[None, None, None]","[None, None, None]","[None, None, None]","[None, None, None]"
LSCO.TA,"[None, None, None]","[None, None, None]","[None, None, None]","[None, None, None]","[-1.7, 11.88, 8.28]","[-1.7, 11.88, 8.28]","[None, None, None]","[None, None, None]","[-1.7, 11.88, 8.28]","[None, None, None]","[None, None, None]","[None, None, None]","[None, None, None]","[None, None, None]","[None, None, None]"
LEOF.TA,"[-1.11, 5.69, 43.74]","[-1.11, 5.69, 43.74]","[-1.11, 5.69, 43.74]","[-1.11, 5.69, 43.74]","[-1.11, 5.69, 43.74]","[-1.11, 5.69, 43.74]","[None, None, None]","[None, None, None]","[-1.11, 5.69, 43.74]","[None, None, None]","[None, None, None]","[None, None, None]","[None, None, None]","[None, None, None]","[None, None, None]"
LCTX.TA,"[None, None, None]","[None, None, None]","[None, None, None]","[None, None, None]","[None, None, None]","[None, None, None]","[None, None, None]","[None, None, None]","[None, None, None]","[None, None, None]","[None, None, None]","[None, None, None]","[None, None, None]","[None, None, None]","[None, None, None]"
LPSN.TA,"[-0.75, 0.67, 7.64]","[-0.75, 0.67, 7.64]","[-0.75, 0.67, 7.64]","[None, None, None]","[-0.75, 0.67, 7.64]","[-0.75, 0.67, 7.64]","[None, None, None]","[-0.75, 0.67, 7.64]","[-0.75, 0.67, 7.64]","[-0.75, 0.67, 7.64]","[-0.75, 0.67, 7.64]","[-0.75, 0.67, 7.64]","[-0.75, 0.67, 7.64]","[-0.75, 0.67, 7.64]","[None, None, None]"
MLTM.TA,"[0.99, 4.23, 7.13]","[0.99, 4.23, 7.13]","[0.99, 4.23, 7.13]","[0.99, 4.23, 7.13]","[0.99, 4.23, 7.13]","[0.99, 4.23, 7.13]","[0.99, 4.23, 7.13]","[0.99, 4.23, 7.13]","[0.99, 4.23, 7.13]","[None, None, None]","[None, None, None]","[None, None, None]","[None, None, None]","[0.99, 4.23, 7.13]","[None, None, None]"
MTRX.TA,"[0.62, 3.91, 4.29]","[0.62, 3.91, 4.29]","[0.62, 3.91, 4.29]","[0.62, 3.91, 4.29]","[0.62, 3.91, 4.29]","[0.62, 3.91, 4.29]","[0.62, 3.91, 4.29]","[0.62, 3.91, 4.29]","[0.62, 3.91, 4.29]","[0.62, 3.91, 4.29]","[None, None, None]","[0.62, 3.91, 4.29]","[0.62, 3.91, 4.29]","[None, None, None]","[0.62, 3.91, 4.29]"
MAXO.TA,"[0.32, -4.53, -7.59]","[0.32, -4.53, -7.59]","[0.32, -4.53, -7.59]","[0.32, -4.53, -7.59]","[0.32, -4.53, -7.59]","[0.32, -4.53, -7.59]","[0.32, -4.53, -7.59]","[0.32, -4.53, -7.59]","[0.32, -4.53, -7.59]","[0.32, -4.53, -7.59]","[None, None, None]","[None, None, None]","[None, None, None]","[None, None, None]","[None, None, None]"
MTRN.TA,"[0.23, 6.54, 14.5]","[0.23, 6.54, 14.5]","[0.23, 6.54, 14.5]","[0.23, 6.54, 14.5]","[0.23, 6.54, 14.5]","[0.23, 6.54, 14.5]","[0.23, 6.54, 14.5]","[0.23, 6.54, 14.5]","[0.23, 6.54, 14.5]","[0.23, 6.54, 14.5]","[None, None, None]","[None, None, None]","[None, None, None]","[None, None, None]","[0.23, 6.54, 14.5]"
MDPR.TA,"[None, None, None]","[None, None, None]","[None, None, None]","[None, None, None]","[None, None, None]","[None, None, None]","[None, None, None]","[None, None, None]","[None, None, None]","[None, None, None]","[None, None, None]","[None, None, None]","[None, None, None]","[1.33, 2.66, 3.88]","[None, None, None]"
MNIN.TA,"[1.89, 3.08, 19.28]","[1.89, 3.08, 19.28]","[1.89, 3.08, 19.28]","[1.89, 3.08, 19.28]","[1.89, 3.08, 19.28]","[1.89, 3.08, 19.28]","[1.89, 3.08, 19.28]","[1.89, 3.08, 19.28]","[1.89, 3.08, 19.28]","[1.89, 3.08, 19.28]","[1.89, 3.08, 19.28]","[1.89, 3.08, 19.28]","[1.89, 3.08, 19.28]","[None, None, None]","[1.89, 3.08, 19.28]"
MNRT.TA,"[None, None, None]","[-0.07, 9.4, 9.34]","[-0.07, 9.4, 9.34]","[None, None, None]","[-0.07, 9.4, 9.34]","[-0.07, 9.4, 9.34]","[None, None, None]","[-0.07, 9.4, 9.34]","[-0.07, 9.4, 9.34]","[None, None, None]","[-0.07, 9.4, 9.34]","[-0.07, 9.4, 9.34]","[-0.07, 9.4, 9.34]","[None, None, None]","[-0.07, 9.4, 9.34]"
MGRT.TA,"[None, None, None]","[1.93, 11.61, 5.67]","[1.93, 11.61, 5.67]","[None, None, None]","[1.93, 11.61, 5.67]","[None, None, None]","[None, None, None]","[None, None, None]","[1.93, 11.61, 5.67]","[None, None, None]","[None, None, None]","[None, None, None]","[None, None, None]","[None, None, None]","[None, None, None]"
MCRNT.TA,"[-1.02, 10.76, 18.49]","[-1.02, 10.76, 18.49]","[None, None, None]","[-1.02, 10.76, 18.49]","[-1.02, 10.76, 18.49]","[-1.02, 10.76, 18.49]","[-1.02, 10.76, 18.49]","[None, None, None]","[-1.02, 10.76, 18.49]","[None, None, None]","[None, None, None]","[None, None, None]","[None, None, None]","[None, None, None]","[None, None, None]"
MLD.TA,"[1.91, -5.83, -3.24]","[1.91, -5.83, -3.24]","[None, None, None]","[1.91, -5.83, -3.24]","[1.91, -5.83, -3.24]","[1.91, -5.83, -3.24]","[None, None, None]","[None, None, None]","[1.91, -5.83, -3.24]","[1.91, -5.83, -3.24]","[None, None, None]","[None, None, None]","[None, None, None]","[None, None, None]","[None, None, None]"
MZTF.TA,"[None, None, None]","[-1.1, 1.38, 12.17]","[None, None, None]","[None, None, None]","[-1.1, 1.38, 12.17]","[-1.1, 1.38, 12.17]","[None, None, None]","[-1.1, 1.38, 12.17]","[-1.1, 1.38, 12.17]","[None, None, None]","[-1.1, 1.38, 12.17]","[-1.1, 1.38, 12.17]","[-1.1, 1.38, 12.17]","[None, None, None]","[None, None, None]"
MLRN.TA,"[None, None, None]","[0.82, 7.13, 14.64]","[0.82, 7.13, 14.64]","[None, None, None]","[0.82, 7.13, 14.64]","[None, None, None]","[None, None, None]","[None, None, None]","[0.82, 7.13, 14.64]","[None, None, None]","[None, None, None]","[None, None, None]","[None, None, None]","[0.82, 7.13, 14.64]","[0.82, 7.13, 14.64]"
MDIN.TA,"[0.2, 8.52, 26.12]","[0.2, 8.52, 26.12]","[0.2, 8.52, 26.12]","[None, None, None]","[0.2, 8.52, 26.12]","[0.2, 8.52, 26.12]","[None, None, None]","[None, None, None]","[None, None, None]","[0.2, 8.52, 26.12]","[None, None, None]","[None, None, None]","[None, None, None]","[None, None, None]","[None, None, None]"
NXTM.TA,"[-0.56, -4.68, -1.21]","[-0.56, -4.68, -1.21]","[None, None, None]","[-0.56, -4.68, -1.21]","[-0.56, -4.68, -1.21]","[-0.56, -4.68, -1.21]","[None, None, None]","[None, None, None]","[None, None, None]","[None, None, None]","[None, None, None]","[None, None, None]","[None, None, None]","[-0.56, -4.68, -1.21]","[None, None, None]"
NXFR.TA,"[3.23, -1.63, -5.06]","[3.23, -1.63, -5.06]","[3.23, -1.63, -5.06]","[3.23, -1.63, -5.06]","[3.23, -1.63, -5.06]","[3.23, -1.63, -5.06]","[None, None, None]","[None, None, None]","[3.23, -1.63, -5.06]","[3.23, -1.63, -5.06]","[None, None, None]","[None, None, None]","[None, None, None]","[None, None, None]","[None, None, None]"
NICE.TA,"[2.07, 11.19, 13.23]","[2.07, 11.19, 13.23]","[2.07, 11.19, 13.23]","[2.07, 11.19, 13.23]","[2.07, 11.19, 13.23]","[2.07, 11.19, 13.23]","[None, None, None]","[2.07, 11.19, 13.23]","[2.07, 11.19, 13.23]","[2.07, 11.19, 13.23]","[2.07, 11.19, 13.23]","[2.07, 11.19, 13.23]","[2.07, 11.19, 13.23]","[2.07, 11.19, 13.23]","[None, None, None]"
NISA.TA,"[-0.86, -2.62, -5.92]","[-0.86, -2.62, -5.92]","[-0.86, -2.62, -5.92]","[-0.86, -2.62, -5.92]","[-0.86, -2.62, -5.92]","[-0.86, -2.62, -5.92]","[-0.86, -2.62, -5.92]","[-0.86, -2.62, -5.92]","[-0.86, -2.62, -5.92]","[-0.86, -2.62, -5.92]","[-0.86, -2.62, -5.92]","[-0.86, -2.62, -5.92]","[-0.86, -2.62, -5.92]","[None, None, None]","[None, None, None]"
NSTR.TA,"[None, None, None]","[None, None, None]","[None, None, None]","[None, None, None]","[None, None, None]","[None, None, None]","[None, None, None]","[None, None, None]","[None, None, None]","[None, None, None]","[None, None, None]","[None, None, None]","[None, None, None]","[None, None, None]","[None, None, None]"
NVLG.TA,"[-1.64, -0.82, -1.48]","[-1.64, -0.82, -1.48]","[-1.64, -0.82, -1.48]","[-1.64, -0.82, -1.48]","[-1.64, -0.82, -1.48]","[-1.64, -0.82, -1.48]","[-1.64, -0.82, -1.48]","[-1.64, -0.82, -1.48]","[-1.64, -0.82, -1.48]","[None, None, None]","[-1.64, -0.82, -1.48]","[-1.64, -0.82, -1.48]","[-1.64, -0.82, -1.48]","[-1.64, -0.82, -1.48]","[None, None, None]"
OPCE.TA,"[None, None, None]","[None, None, None]","[None, None, None]","[None, None, None]","[0.26, -4.0, -5.08]","[0.26, -4.0, -5.08]","[None, None, None]","[None, None, None]","[0.26, -4.0, -5.08]","[None, None, None]","[None, None, None]","[None, None, None]","[None, None, None]","[None, None, None]","[None, None, None]"
OPK.TA,"[0.39, -4.68, -7.65]","[0.39, -4.68, -7.65]","[0.39, -4.68, -7.65]","[None, None, None]","[0.39, -4.68, -7.65]","[0.39, -4.68, -7.65]","[None, None, None]","[None, None, None]","[0.39, -4.68, -7.65]","[0.39, -4.68, -7.65]","[None, None, None]","[None, None, None]","[None, None, None]","[0.39, -4.68, -7.65]","[None, None, None]"
ORAD.TA,"[-2.2, 0.81, 17.5]","[-2.2, 0.81, 17.5]","[-2.2, 0.81, 17.5]","[-2.2, 0.81, 17.5]","[-2.2, 0.81, 17.5]","[None, None, None]","[None, None, None]","[None, None, None]","[-2.2, 0.81, 17.5]","[-2.2, 0.81, 17.5]","[-2.2, 0.81, 17.5]","[-2.2, 0.81, 17.5]","[-2.2, 0.81, 17.5]","[None, None, None]","[None, None, None]"
ORMP.TA,"[1.31, 2.67, 49.58]","[1.31, 2.67, 49.58]","[1.31, 2.67, 49.58]","[None, None, None]","[1.31, 2.67, 49.58]","[1.31, 2.67, 49.58]","[None, None, None]","[None, None, None]","[1.31, 2.67, 49.58]","[None, None, None]","[1.31, 2.67, 49.58]","[1.31, 2.67, 49.58]","[1.31, 2.67, 49.58]","[1.31, 2.67, 49.58]","[None, None, None]"
ORIN.TA,"[2.0, 4.12, 5.26]","[2.0, 4.12, 5.26]","[None, None, None]","[2.0, 4.12, 5.26]","[2.0, 4.12, 5.26]","[2.0, 4.12, 5.26]","[2.0, 4.12, 5.26]","[2.0, 4.12, 5.26]","[2.0, 4.12, 5.26]","[None, None, None]","[None, None, None]","[None, None, None]","[None, None, None]","[None, None, None]","[None, None, None]"
OVRS.TA,"[-1.19, -0.68, -1.28]","[-1.19, -0.68, -1.28]","[-1.19, -0.68, -1.28]","[-1.19, -0.68, -1.28]","[-1.19, -0.68, -1.28]","[-1.19, -0.68, -1.28]","[-1.19, -0.68, -1.28]","[-1.19, -0.68, -1.28]","[-1.19, -0.68, -1.28]","[None, None, None]","[-1.19, -0.68, -1.28]","[-1.19, -0.68, -1.28]","[-1.19, -0.68, -1.28]","[None, None, None]","[None, None, None]"
PLRM.TA,"[-0.45, 2.92, 31.44]","[-0.45, 2.92, 31.44]","[None, None, None]","[-0.45, 2.92, 31.44]","[-0.45, 2.92, 31.44]","[-0.45, 2.92, 31.44]","[None, None, None]","[None, None, None]","[-0.45, 2.92, 31.44]","[-0.45, 2.92, 31.44]","[None, None, None]","[None, None, None]","[None, None, None]","[None, None, None]","[-0.45, 2.92, 31.44]"
PAZ.TA,"[-1.04, 7.12, 5.71]","[None, None, None]","[None, None, None]","[-1.04, 7.12, 5.71]","[-1.04, 7.12, 5.71]","[-1.04, 7.12, 5.71]","[-1.04, 7.12, 5.71]","[None, None, None]","[-1.04, 7.12, 5.71]","[None, None, None]","[None, None, None]","[None, None, None]","[None, None, None]","[None, None, None]","[None, None, None]"
PERI.TA,"[2.64, -7.84, 4.6]","[2.64, -7.84, 4.6]","[2.64, -7.84, 4.6]","[None, None, None]","[2.64, -7.84, 4.6]","[2.64, -7.84, 4.6]","[None, None, None]","[None, None, None]","[2.64, -7.84, 4.6]","[2.64, -7.84, 4.6]","[2.64, -7.84, 4.6]","[2.64, -7.84, 4.6]","[2.64, -7.84, 4.6]","[2.64, -7.84, 4.6]","[None, None, None]"
PTCH.TA,"[None, None, None]","[None, None, None]","[None, None, None]","[None, None, None]","[0.5, 13.39, -2.68]","[0.5, 13.39, -2.68]","[None, None, None]","[None, None, None]","[0.5, 13.39, -2.68]","[None, None, None]","[None, None, None]","[None, None, None]","[None, None, None]","[None, None, None]","[None, None, None]"
PHOE.TA,"[None, None, None]","[1.62, 0.1, 13.06]","[None, None, None]","[None, None, None]","[1.62, 0.1, 13.06]","[1.62, 0.1, 13.06]","[None, None, None]","[1.62, 0.1, 13.06]","[1.62, 0.1, 13.06]","[None, None, None]","[None, None, None]","[None, None, None]","[None, None, None]","[None, None, None]","[None, None, None]"
PLCR.TA,"[-0.97, 7.86, 4.09]","[-0.97, 7.86, 4.09]","[-0.97, 7.86, 4.09]","[-0.97, 7.86, 4.09]","[-0.97, 7.86, 4.09]","[-0.97, 7.86, 4.09]","[None, None, None]","[None, None, None]","[-0.97, 7.86, 4.09]","[None, None, None]","[None, None, None]","[None, None, None]","[None, None, None]","[None, None, None]","[-0.97, 7.86, 4.09]"
PPIL.TA,"[0.0, 3.04, -1.42]","[0.0, 3.04, -1.42]","[0.0, 3.04, -1.42]","[0.0, 3.04, -1.42]","[0.0, 3.04, -1.42]","[0.0, 3.04, -1.42]","[0.0, 3.04, -1.42]","[0.0, 3.04, -1.42]","[0.0, 3.04, -1.42]","[0.0, 3.04, -1.42]","[None, None, None]","[None, None, None]","[None, None, None]","[0.0, 3.04, -1.42]","[None, None, None]"
PLUR.TA,"[None, None, None]","[4.89, -7.14, -19.99]","[4.89, -7.14, -19.99]","[None, None, None]","[4.89, -7.14, -19.99]","[4.89, -7.14, -19.99]","[None, None, None]","[None, None, None]","[4.89, -7.14, -19.99]","[4.89, -7.14, -19.99]","[4.89, -7.14, -19.99]","[4.89, -7.14, -19.99]","[4.89, -7.14, -19.99]","[4.89, -7.14, -19.99]","[None, None, None]"
POLI.TA,"[None, None, None]","[1.59, -0.84, 4.67]","[None, None, None]","[None, None, None]","[1.59, -0.84, 4.67]","[1.59, -0.84, 4.67]","[None, None, None]","[1.59, -0.84, 4.67]","[1.59, -0.84, 4.67]","[None, None, None]","[None, None, None]","[None, None, None]","[None, None, None]","[None, None, None]","[None, None, None]"
POLP.TA,"[-0.42, 3.8, 20.6]","[-0.42, 3.8, 20.6]","[-0.42, 3.8, 20.6]","[None, None, None]","[-0.42, 3.8, 20.6]","[-0.42, 3.8, 20.6]","[None, None, None]","[None, None, None]","[-0.42, 3.8, 20.6]","[None, None, None]","[None, None, None]","[None, None, None]","[None, None, None]","[-0.42, 3.8, 20.6]","[-0.42, 3.8, 20.6]"
PRTC.TA,"[3.35, 4.92, 19.66]","[3.35, 4.92, 19.66]","[3.35, 4.92, 19.66]","[None, None, None]","[3.35, 4.92, 19.66]","[3.35, 4.92, 19.66]","[3.35, 4.92, 19.66]","[3.35, 4.92, 19.66]","[3.35, 4.92, 19.66]","[None, None, None]","[None, None, None]","[None, None, None]","[None, None, None]","[None, None, None]","[None, None, None]"
PPBT.TA,"[None, None, None]","[0.79, 2.72, 3.61]","[0.79, 2.72, 3.61]","[None, None, None]","[0.79, 2.72, 3.61]","[0.79, 2.72, 3.61]","[0.79, 2.72, 3.61]","[0.79, 2.72, 3.61]","[0.79, 2.72, 3.61]","[0.79, 2.72, 3.61]","[None, None, None]","[None, None, None]","[None, None, None]","[0.79, 2.72, 3.61]","[None, None, None]"
RMN.TA,"[1.69, -10.38, -6.51]","[1.69, -10.38, -6.51]","[None, None, None]","[1.69, -10.38, -6.51]","[1.69, -10.38, -6.51]","[None, None, None]","[1.69, -10.38, -6.51]","[1.69, -10.38, -6.51]","[1.69, -10.38, -6.51]","[None, None, None]","[None, None, None]","[None, None, None]","[None, None, None]","[None, None, None]","[None, None, None]"
RMLI.TA,"[-0.01, 1.56, 3.27]","[-0.01, 1.56, 3.27]","[None, None, None]","[-0.01, 1.56, 3.27]","[-0.01, 1.56, 3.27]","[-0.01, 1.56, 3.27]","[None, None, None]","[None, None, None]","[-0.01, 1.56, 3.27]","[None, None, None]","[-0.01, 1.56, 3.27]","[-0.01, 1.56, 3.27]","[-0.01, 1.56, 3.27]","[None, None, None]","[None, None, None]"
RATI.TA,"[0.18, -3.94, 3.48]","[0.18, -3.94, 3.48]","[0.18, -3.94, 3.48]","[None, None, None]","[0.18, -3.94, 3.48]","[0.18, -3.94, 3.48]","[None, None, None]","[None, None, None]","[0.18, -3.94, 3.48]","[0.18, -3.94, 3.48]","[0.18, -3.94, 3.48]","[0.18, -3.94, 3.48]","[None, None, None]","[None, None, None]","[None, None, None]"
RTPT.TA,"[None, None, None]","[None, None, None]","[None, None, None]","[None, None, None]","[None, None, None]","[None, None, None]","[None, None, None]","[None, None, None]","[None, None, None]","[None, None, None]","[None, None, None]","[None, None, None]","[None, None, None]","[None, None, None]","[None, None, None]"
RAVD.TA,"[None, None, None]","[None, None, None]","[None, None, None]","[None, None, None]","[1.29, 4.84, 17.07]","[1.29, 4.84, 17.07]","[1.29, 4.84, 17.07]","[1.29, 4.84, 17.07]","[1.29, 4.84, 17.07]","[None, None, None]","[None, None, None]","[None, None, None]","[None, None, None]","[None, None, None]","[None, None, None]"
RZR.TA,"[-1.19, -6.87, -37.81]","[None, None, None]","[None, None, None]","[-1.19, -6.87, -37.81]","[-1.19, -6.87, -37.81]","[-1.19, -6.87, -37.81]","[-1.19, -6.87, -37.81]","[-1.19, -6.87, -37.81]","[-1.19, -6.87, -37.81]","[None, None, None]","[None, None, None]","[None, None, None]","[None, None, None]","[None, None, None]","[None, None, None]"
RIT1.TA,"[None, None, None]","[None, None, None]","[None, None, None]","[None, None, None]","[0.49, 7.13, 12.7]","[None, None, None]","[None, None, None]","[None, None, None]","[0.49, 7.13, 12.7]","[None, None, None]","[None, None, None]","[None, None, None]","[None, None, None]","[None, None, None]","[None, None, None]"
REKA.TA,"[0.02, -5.88, -2.01]","[0.02, -5.88, -2.01]","[0.02, -5.88, -2.01]","[0.02, -5.88, -2.01]","[0.02, -5.88, -2.01]","[0.02, -5.88, -2.01]","[0.02, -5.88, -2.01]","[0.02, -5.88, -2.01]","[0.02, -5.88, -2.01]","[0.02, -5.88, -2.01]","[0.02, -5.88, -2.01]","[0.02, -5.88, -2.01]","[0.02, -5.88, -2.01]","[None, None, None]","[None, None, None]"
RTEN.TA,"[0.0, -7.02, -14.02]","[0.0, -7.02, -14.02]","[0.0, -7.02, -14.02]","[0.0, -7.02, -14.02]","[None, None, None]","[None, None, None]","[None, None, None]","[None, None, None]","[None, None, None]","[0.0, -7.02, -14.02]","[None, None, None]","[None, None, None]","[None, None, None]","[None, None, None]","[None, None, None]"
SPNS.TA,"[-0.99, -1.53, -3.36]","[-0.99, -1.53, -3.36]","[-0.99, -1.53, -3.36]","[-0.99, -1.53, -3.36]","[-0.99, -1.53, -3.36]","[-0.99, -1.53, -3.36]","[-0.99, -1.53, -3.36]","[-0.99, -1.53, -3.36]","[-0.99, -1.53, -3.36]","[-0.99, -1.53, -3.36]","[-0.99, -1.53, -3.36]","[-0.99, -1.53, -3.36]","[-0.99, -1.53, -3.36]","[-0.99, -1.53, -3.36]","[None, None, None]"
SCOP.TA,"[2.01, 6.37, 32.05]","[2.01, 6.37, 32.05]","[2.01, 6.37, 32.05]","[2.01, 6.37, 32.05]","[2.01, 6.37, 32.05]","[2.01, 6.37, 32.05]","[None, None, None]","[None, None, None]","[2.01, 6.37, 32.05]","[2.01, 6.37, 32.05]","[2.01, 6.37, 32.05]","[2.01, 6.37, 32.05]","[2.01, 6.37, 32.05]","[None, None, None]","[None, None, None]"
SLARL.TA,"[0.12, 6.05, 14.95]","[0.12, 6.05, 14.95]","[None, None, None]","[None, None, None]","[0.12, 6.05, 14.95]","[0.12, 6.05, 14.95]","[0.12, 6.05, 14.95]","[0.12, 6.05, 14.95]","[0.12, 6.05, 14.95]","[0.12, 6.05, 14.95]","[0.12, 6.05, 14.95]","[0.12, 6.05, 14.95]","[0.12, 6.05, 14.95]","[0.12, 6.05, 14.95]","[None, None, None]"
SHGR.TA,"[1.46, -2.42, -7.57]","[1.46, -2.42, -7.57]","[None, None, None]","[1.46, -2.42, -7.57]","[1.46, -2.42, -7.57]","[1.46, -2.42, -7.57]","[None, None, None]","[None, None, None]","[1.46, -2.42, -7.57]","[1.46, -2.42, -7.57]","[1.46, -2.42, -7.57]","[1.46, -2.42, -7.57]","[1.46, -2.42, -7.57]","[None, None, None]","[None, None, None]"
SKBN.TA,"[-1.46, 0.08, -0.96]","[-1.46, 0.08, -0.96]","[None, None, None]","[-1.46, 0.08, -0.96]","[-1.46, 0.08, -0.96]","[-1.46, 0.08, -0.96]","[None, None, None]","[None, None, None]","[-1.46, 0.08, -0.96]","[-1.46, 0.08, -0.96]","[None, None, None]","[None, None, None]","[None, None, None]","[None, None, None]","[None, None, None]"
SHOM.TA,"[None, None, None]","[5.03, -0.55, -9.52]","[5.03, -0.55, -9.52]","[None, None, None]","[5.03, -0.55, -9.52]","[5.03, -0.55, -9.52]","[None, None, None]","[None, None, None]","[5.03, -0.55, -9.52]","[None, None, None]","[None, None, None]","[None, None, None]","[None, None, None]","[None, None, None]","[5.03, -0.55, -9.52]"
SAE.TA,"[-0.27, -2.0, -2.75]","[-0.27, -2.0, -2.75]","[-0.27, -2.0, -2.75]","[-0.27, -2.0, -2.75]","[-0.27, -2.0, -2.75]","[-0.27, -2.0, -2.75]","[None, None, None]","[None, None, None]","[-0.27, -2.0, -2.75]","[-0.27, -2.0, -2.75]","[-0.27, -2.0, -2.75]","[-0.27, -2.0, -2.75]","[-0.27, -2.0, -2.75]","[None, None, None]","[-0.27, -2.0, -2.75]"
SKLN.TA,"[-0.78, -0.66, 22.76]","[-0.78, -0.66, 22.76]","[-0.78, -0.66, 22.76]","[None, None, None]","[-0.78, -0.66, 22.76]","[-0.78, -0.66, 22.76]","[-0.78, -0.66, 22.76]","[-0.78, -0.66, 22.76]","[-0.78, -0.66, 22.76]","[None, None, None]","[-0.78, -0.66, 22.76]","[-0.78, -0.66, 22.76]","[-0.78, -0.66, 22.76]","[None, None, None]","[None, None, None]"
STRS.TA,"[-0.52, 1.9, 2.61]","[-0.52, 1.9, 2.61]","[-0.52, 1.9, 2.61]","[None, None, None]","[-0.52, 1.9, 2.61]","[None, None, None]","[None, None, None]","[None, None, None]","[None, None, None]","[-0.52, 1.9, 2.61]","[None, None, None]","[None, None, None]","[None, None, None]","[None, None, None]","[None, None, None]"
TDRN.TA,"[-0.69, -0.57, 8.28]","[-0.69, -0.57, 8.28]","[-0.69, -0.57, 8.28]","[-0.69, -0.57, 8.28]","[-0.69, -0.57, 8.28]","[-0.69, -0.57, 8.28]","[-0.69, -0.57, 8.28]","[-0.69, -0.57, 8.28]","[-0.69, -0.57, 8.28]","[-0.69, -0.57, 8.28]","[None, None, None]","[None, None, None]","[None, None, None]","[None, None, None]","[-0.69, -0.57, 8.28]"
TMRP.TA,"[0.15, 5.31, 3.78]","[0.15, 5.31, 3.78]","[0.15, 5.31, 3.78]","[None, None, None]","[0.15, 5.31, 3.78]","[0.15, 5.31, 3.78]","[None, None, None]","[None, None, None]","[0.15, 5.31, 3.78]","[None, None, None]","[0.15, 5.31, 3.78]","[0.15, 5.31, 3.78]","[0.15, 5.31, 3.78]","[0.15, 5.31, 3.78]","[None, None, None]"
TAYA.TA,"[3.04, 13.12, 14.58]","[3.04, 13.12, 14.58]","[None, None, None]","[None, None, None]","[3.04, 13.12, 14.58]","[3.04, 13.12, 14.58]","[None, None, None]","[None, None, None]","[3.04, 13.12, 14.58]","[None, None, None]","[3.04, 13.12, 14.58]","[3.04, 13.12, 14.58]","[3.04, 13.12, 14.58]","[3.04, 13.12, 14.58]","[None, None, None]"
TFRLF.TA,"[0.62, 25.42, 61.5]","[0.62, 25.42, 61.5]","[0.62, 25.42, 61.5]","[0.62, 25.42, 61.5]","[0.62, 25.42, 61.5]","[None, None, None]","[None, None, None]","[None, None, None]","[0.62, 25.42, 61.5]","[None, None, None]","[0.62, 25.42, 61.5]","[0.62, 25.42, 61.5]","[0.62, 25.42, 61.5]","[None, None, None]","[None, None, None]"
ILCO.TA,"[-0.05, 6.88, 14.0]","[-0.05, 6.88, 14.0]","[None, None, None]","[None, None, None]","[-0.05, 6.88, 14.0]","[-0.05, 6.88, 14.0]","[None, None, None]","[None, None, None]","[-0.05, 6.88, 14.0]","[None, None, None]","[None, None, None]","[None, None, None]","[None, None, None]","[None, None, None]","[None, None, None]"
TIGBUR.TA,"[1.29, 13.0, 82.84]","[1.29, 13.0, 82.84]","[1.29, 13.0, 82.84]","[1.29, 13.0, 82.84]","[1.29, 13.0, 82.84]","[1.29, 13.0, 82.84]","[1.29, 13.0, 82.84]","[1.29, 13.0, 82.84]","[1.29, 13.0, 82.84]","[1.29, 13.0, 82.84]","[1.29, 13.0, 82.84]","[1.29, 13.0, 82.84]","[1.29, 13.0, 82.84]","[1.29, 13.0, 82.84]","[1.29, 13.0, 82.84]"
TOPS.TA,"[0.43, 4.16, 28.09]","[0.43, 4.16, 28.09]","[0.43, 4.16, 28.09]","[0.43, 4.16, 28.09]","[0.43, 4.16, 28.09]","[None, None, None]","[0.43, 4.16, 28.09]","[0.43, 4.16, 28.09]","[0.43, 4.16, 28.09]","[0.43, 4.16, 28.09]","[None, None, None]","[None, None, None]","[None, None, None]","[None, None, None]","[None, None, None]"
TSEM.TA,"[0.44, -3.24, 5.25]","[0.44, -3.24, 5.25]","[0.44, -3.24, 5.25]","[0.44, -3.24, 5.25]","[0.44, -3.24, 5.25]","[0.44, -3.24, 5.25]","[0.44, -3.24, 5.25]","[0.44, -3.24, 5.25]","[0.44, -3.24, 5.25]","[0.44, -3.24, 5.25]","[0.44, -3.24, 5.25]","[0.44, -3.24, 5.25]","[0.44, -3.24, 5.25]","[0.44, -3.24, 5.25]","[None, None, None]"
UNIT.TA,"[-1.19, 5.69, 29.43]","[-1.19, 5.69, 29.43]","[-1.19, 5.69, 29.43]","[-1.19, 5.69, 29.43]","[-1.19, 5.69, 29.43]","[-1.19, 5.69, 29.43]","[None, None, None]","[None, None, None]","[-1.19, 5.69, 29.43]","[None, None, None]","[-1.19, 5.69, 29.43]","[-1.19, 5.69, 29.43]","[-1.19, 5.69, 29.43]","[None, None, None]","[None, None, None]"
VCTR.TA,"[1.17, -0.51, -8.04]","[1.17, -0.51, -8.04]","[None, None, None]","[1.17, -0.51, -8.04]","[1.17, -0.51, -8.04]","[1.17, -0.51, -8.04]","[None, None, None]","[None, None, None]","[1.17, -0.51, -8.04]","[None, None, None]","[1.17, -0.51, -8.04]","[1.17, -0.51, -8.04]","[1.17, -0.51, -8.04]","[None, None, None]","[None, None, None]"
VILR.TA,"[1.32, 12.46, 9.28]","[1.32, 12.46, 9.28]","[1.32, 12.46, 9.28]","[1.32, 12.46, 9.28]","[1.32, 12.46, 9.28]","[1.32, 12.46, 9.28]","[1.32, 12.46, 9.28]","[1.32, 12.46, 9.28]","[1.32, 12.46, 9.28]","[None, None, None]","[1.32, 12.46, 9.28]","[1.32, 12.46, 9.28]","[1.32, 12.46, 9.28]","[None, None, None]","[None, None, None]"
VTNA.TA,"[1.46, 6.59, 21.29]","[None, None, None]","[None, None, None]","[1.46, 6.59, 21.29]","[1.46, 6.59, 21.29]","[None, None, None]","[1.46, 6.59, 21.29]","[1.46, 6.59, 21.29]","[1.46, 6.59, 21.29]","[None, None, None]","[1.46, 6.59, 21.29]","[1.46, 6.59, 21.29]","[1.46, 6.59, 21.29]","[None, None, None]","[1.46, 6.59, 21.29]"
WLFD.TA,"[-2.03, -1.72, 6.17]","[-2.03, -1.72, 6.17]","[None, None, None]","[-2.03, -1.72, 6.17]","[-2.03, -1.72, 6.17]","[None, None, None]","[None, None, None]","[None, None, None]","[-2.03, -1.72, 6.17]","[-2.03, -1.72, 6.17]","[-2.03, -1.72, 6.17]","[-2.03, -1.72, 6.17]","[-2.03, -1.72, 6.17]","[-2.03, -1.72, 6.17]","[None, None, None]"
WILC.TA,"[None, None, None]","[None, None, None]","[None, None, None]","[None, None, None]","[None, None, None]","[None, None, None]","[None, None, None]","[None, None, None]","[None, None, None]","[None, None, None]","[None, None, None]","[None, None, None]","[None, None, None]","[0.28, -2.49, -6.94]","[None, None, None]"
YBOX.TA,"[-2.08, 11.11, 13.98]","[-2.08, 11.11, 13.98]","[-2.08, 11.11, 13.98]","[-2.08, 11.11, 13.98]","[-2.08, 11.11, 13.98]","[-2.08, 11.11, 13.98]","[-2.08, 11.11, 13.98]","[-2.08, 11.11, 13.98]","[-2.08, 11.11, 13.98]","[None, None, None]","[-2.08, 11.11, 13.98]","[-2.08, 11.11, 13.98]","[-2.08, 11.11, 13.98]","[None, None, None]","[None, None, None]"
ZUR.TA,"[None, None, None]","[None, None, None]","[None, None, None]","[None, None, None]","[0.74, 3.04, 5.07]","[0.74, 3.04, 5.07]","[None, None, None]","[None, None, None]","[0.74, 3.04, 5.07]","[None, None, None]","[None, None, None]","[None, None, None]","[None, None, None]","[0.74, 3.04, 5.07]","[0.74, 3.04, 5.07]"
