,Revenue,Net Income,Earnings Per Share (EPS),Gross Profit,Operating Cash Flow,Investing Cash Flow,Financing Cash Flow,Total Assets,Total Liabilities,Operating Income (EBIT),Short-Term Debt,Long-Term Debt,Shareholders’ Equity,Number of Outstanding Shares,Dividends Paid
ACCL.TA,-68.08,104.89,101.47,-68.98,-213.38,-216.93,-17.6,72.59,76.26,,,,,,
ARPT.TA,,-0.83,0.0,0.0,,,,0.0,-1.3,0.0,152.77,-0.35,-1.35,,
ALBA.TA,23418.69,31724.52,-68.3,23209.07,,,,104789.77,198663.31,24930.4,,,106335.24,,
ALLT.TA,-77.05,57.66,59.26,-77.47,146.81,-239.12,-15.04,4.35,-36.71,58.27,,,-1.65,1.51,
ALHE.TA,,-48.22,-78.75,,1.47,-138.03,773.25,2.29,,,,,-31.3,99943.41,
AMOT.TA,,-64.85,-100.0,,,,,0.3,-9.3,,,,0.12,5.32,
ASHG.TA,209.4,-87.68,,29.74,,,,148.94,,-36.93,,,73.95,,
AUDC.TA,-73.35,-63.26,-65.06,-73.12,-66.18,150.06,-120.03,-2.54,-3.02,-73.6,-25.0,125.74,-2.2,,
AVGL.TA,-74.95,-99.57,-99.19,-89.03,,37.45,94.72,-0.82,-0.66,,-89.19,51.44,-1.1,-2.42,
AVIV.TA,103.96,109.49,,-56.61,,,,369.1,363.53,141.65,,,294.56,,
AYAL.TA,21.34,-1358.36,,,,,,756.41,1473.44,,,,1849.76,,
BOLT.TA,,,,,,,,-13.5,-93.07,,,,-11.8,,
BONS.TA,,,-16.67,,,80.31,0.0,-86.41,-0.2,,,,-144.72,,
BCNV-M.TA,-85.42,-65.71,,,,,,-7.8,-25.27,,-67.97,-32.35,3.83,,
CISY.TA,0.0,0.0,0.0,0.0,,0.0,0.0,6.27,30.44,-4.78,,,0.0,-0.02,-198.96
CAMT.TA,-63.2,-38.65,-44.44,-60.43,-89.53,,,7.21,9.94,-36.36,,,6.48,7.33,
CEL.TA,-71.9,104.12,,-69.86,,,,4.22,-1.0,120.33,856.0,0.26,0.74,-3.7,
CLIS.TA,,-96.99,,,,-200.0,0.0,-0.34,0.5,,,,,,
CGEN.TA,-100.0,66.65,67.57,,,,,-6.03,3.12,67.41,,,-7.45,5.14,
DANH.TA,18506.29,-34260.73,,,,,,99900.0,99900.0,-38994.44,99900.0,99900.0,99900.0,,
DANE.TA,27961.15,32716.67,-68.78,30187.8,,-17145.98,-13018.05,105885.36,106211.4,33019.41,,,105200.97,,3236.93
DLEA.TA,47515.73,80483.87,0.0,50554.45,55346.68,-1960.83,-152181.74,96226.7,96093.49,52076.62,110722.3,83096.34,76381.42,,225219.47
DLEKG.TA,171354.22,22384.35,,,,,,13812.23,,185219.15,,,4056.18,,
DSCT.TA,,67797.44,-32.14,,,,,104040.91,104094.11,,,,100452.54,0.0,
DISI.TA,,23.74,,,-72.91,-64717.12,-293203.0,29181.29,1819320.9,,19285.24,34257.82,1826.74,,
DRAL.TA,1072.67,105.55,,,,,,2351.74,,,,,1351.31,,
ELAL.TA,18641.56,-16111.86,,-27159.24,-34645.71,4829.42,12136.01,97144.38,,,,,-92374.73,,
ESLT.TA,-76.21,-69.49,-69.52,-21.37,-104.69,-309.16,117.56,-0.3,-1.52,-19.85,17.54,-2.07,3.5,0.11,4419772627.27
ELCO.TA,26522.85,28846.8,,,,,,103206.07,64472.0,,,,,,70075.44
ELTR.TA,-74.07,-72.32,,-73.9,,,,0.03,,-51.43,,,,,
ELCP.TA,-23.56,-55.45,,,-106.48,82.86,75.93,235.72,230.1,-7.87,,,255.08,,
ELCRE.TA,,-60.69,,,-95.21,-302.67,251.62,13.08,17.31,,26.06,-50.99,11.18,-0.71,-200.0
ELMR.TA,-80.22,-63.34,-61.67,-74.63,,-302.67,-108.5,16.12,51.85,-71.8,-52.19,,,,32.0
EMCO.TA,27729.17,29000.18,,27947.44,,,,99900.0,99900.0,29362.88,,,99900.0,,38355.03
ENOG.TA,-71.75,,,,,,,,,,,,,,
ENLT.TA,-76.0,111.61,,,,,,0.0,0.0,,,,-40.5,,
ENLV.TA,,,,,,,,,,,,,,1204.88,
EQTL.TA,35515.3,99900.0,,,64250.06,2785.58,,99900.0,99900.0,,,,99900.0,,
FIBIH.TA,,38340.11,-61.56,,,,,102698.77,132110.64,,,,103561.02,,
FRSX.TA,,71.63,120.0,,84.4,-23596.47,-68.73,26.96,86.9,66.03,,,23.06,,
FORTY.TA,-70.39,-28.96,-73.42,-71.94,,,,-3.12,,-72.19,-0.24,-12.73,-0.56,0.29,
GSFI.TA,25580.24,26316.24,-77.27,29699.42,,,,98897.48,9416.41,314312.81,,,100509.2,,
GAGR.TA,19773.91,-22233.47,-125.93,1268242.86,,-36013.93,-65989.1,99900.0,115419.72,-15868.24,,,99900.0,,
GNRS.TA,,,-80.08,,,,,,,,,,,,0.0
GILT.TA,4.89,-108.16,-108.04,-7.08,-99.21,68.55,-61.87,-8.41,-17.11,-105.83,,,-2.44,0.87,75.02
GOLD.TA,-72.06,-91.77,-91.77,-75.73,,65.86,-109.62,1.18,2.17,,-65.6,58.0,0.79,-0.04,
GOHO.TA,99900.0,-99900.0,,99900.0,,-14717.85,-9663.94,99974.79,251180.05,99900.0,,,104076.15,,
HAMAT.TA,27628.64,27427.08,-21.79,48403.51,30194.59,-71804.42,86269.79,137413.7,103336.59,36594.86,,,122721.32,,
HARL.TA,952.04,81.85,,,75408.06,,,674.37,679.33,,,,-1549.15,,
HLAN.TA,25959.7,25577.31,-72.58,25944.76,,-72620.54,-14271.07,92068.8,76381.26,27009.88,,,99754.66,,
HRON.TA,,-69.1,-90.37,,,0.0,0.0,0.52,-56.24,,-7.29,1.67,2.37,,
INRM.TA,-73.79,-73.93,-77.08,-75.2,,78.33,-264.7,-6.21,-15.62,-78.51,,,4.76,,-5.01
INCR.TA,-49.18,109.03,134.38,-55.71,,74.44,-96.44,5.09,-84.43,-35.39,,,-4.34,,
JBNK.TA,,-99.31,,,,,,-87.08,-88.58,,,,-98.12,,
KAFR.TA,22809.28,31137.56,,23357.05,,-21303.96,7264.21,102625.8,112288.22,22659.93,139646.47,142099.7,94666.05,,
KMDA.TA,-81.31,-84.29,-84.21,-81.24,-89.0,19.75,-101.72,-0.07,-10.48,-87.71,-46.64,-44.44,1.45,,
KRDI.TA,-95.71,-2.58,,-85.82,,,,-26.99,-8.85,,,,-49.26,,
KEN.TA,,-64.11,79.57,-67.61,-76.09,59.91,-85.94,27.32,15.17,-80.6,2.04,-17.55,2.98,,
KRUR.TA,22795.85,19712.23,0.0,22871.26,,-79131.72,-204760.0,109441.32,39682.26,25137.44,,,2152630.49,,
LAHAV.TA,,,,,,,,,,,,,,,
LPHL.TA,-74.81,,-88.97,,,,,4.55,-2.15,,,,218.11,,
LSCO.TA,23270.94,-24542.2,-121.05,23747.71,,-66041.71,47984.91,99900.0,99900.0,-39005.74,,,99900.0,,
LCTX.TA,,,,,,,,,,,,,,,
LPSN.TA,29328.56,-19599.05,80.98,,74975.14,-26206.47,523.14,103618.03,103883.07,,,,102826.48,3.06,
LUZN.TA,,0.0,0.0,,0.0,0.0,248.6,0.0,10.95,,0.0,,0.0,,
MLTM.TA,25454.28,32781.63,-66.76,27750.02,,-51236.24,-41964.93,99900.0,115759.45,29150.7,78501.49,,97723.9,0.0,
MTRX.TA,28672.94,28763.51,-72.3,27184.63,,-10147.89,-34461.92,97620.61,53310.93,28223.3,,,96486.06,,-32174.94
MLSR.TA,,,,,,,,-99.92,-99.94,,,,-99.92,,
MNIN.TA,25094.64,41954.5,-53.86,27146.43,,-87198.17,-23461.24,101899.66,102034.58,34437.61,85983.14,92994.98,96089.27,,120100.0
MNIF.TA,-71.9,68.88,15.0,,,,,0.0,0.0,,-78.75,0.77,0.0,2.36,
MNRT.TA,,689.59,,,,98.48,-101.75,0.43,2.63,-54.63,,,-0.99,,-193.75
MCRNT.TA,-64.84,78.97,,101.55,,-122.51,-105.64,-5.66,15.31,81.01,,,24.51,,
MLD.TA,-79.55,-41.58,,-77.34,,,,-22.37,53.32,37.09,,,-109.8,,
MZTF.TA,,38233.33,,,,,,1332.22,1219.35,,,65.38,34153.97,,
NXTM.TA,33354.35,43758.52,,31090.73,,,,99900.0,60850.83,,,,64513.82,-0.0,99900.0
NICE.TA,-72.39,-73.41,-73.83,-71.72,-65.81,76.19,-122.32,2.11,3.61,-72.54,,0.47,1.15,1.16,
OPK.TA,-62.02,1.68,0.0,,,,,1.88,2.69,-33.29,,,1.49,0.03,
ORAD.TA,-73.07,110.63,,-69.54,-78.99,-126.94,91.74,15.41,30.62,147.24,,,6.19,,
ORMP.TA,-75.13,51.61,58.93,,50.55,-74.08,-97.54,-8.2,-69.93,50.44,,,-14.19,15.97,
ORBI.TA,-76.92,-81.41,,-77.96,0.0,-109.82,0.0,0.0,-4.09,-86.98,,,0.0,202.25,
ORIN.TA,31816.72,139784.98,-19.23,24887.53,,-99900.0,99900.0,116377.54,120540.13,22166.98,,,105643.19,3.37,
OVRS.TA,23054.57,16762.0,-82.5,20413.73,,-38999.79,-20285.94,98120.31,105535.9,,100668.68,94528.6,102147.44,,6872.48
PLRM.TA,26976.53,30973.06,-87.9,26426.12,,,,107838.56,128569.98,27914.02,,,90317.85,,
PAZ.TA,-72.2,,,-80.95,,,,-5.97,11.99,,,,-16.2,,
PERI.TA,-24.08,-63.27,-70.0,,5.2,-862.21,538.7,11.01,-15.48,-61.28,,,36.13,32.93,
PHOE.TA,,25989.41,-72.87,,28868.32,-83172.91,111904.5,104927.11,1448639.52,,159156.65,301753.31,98290.8,,99900.0
PLUR.TA,,70.88,79.38,,76.71,113.79,-99.51,-10.04,25.23,70.36,,,-12.75,0.47,
POLI.TA,,-100.01,,,,,,-88.99,-86.29,,,,-99.97,,
PRTC.TA,0.0,0.0,0.0,,,-99.9,,0.0,0.0,,-98.69,,0.0,,
RMLI.TA,24824.45,26732.9,,25050.3,43732.14,-23607.32,-14529.29,105497.44,209282.8,,,,89472.89,,
RTPT.TA,,,,,,,,,,,,,,,
RAVD.TA,-80.6,,,-79.56,,,,0.0,-28.62,,-89.23,0.0,-0.15,,
RIT1.TA,,,,,,,,100323.75,95221.6,,,,101401.82,103029.67,24900.0
REKA.TA,-75.64,-95.37,-83.16,-77.27,,71.33,-154.87,-1.98,-41.62,-80.96,,,1.3,,
RIMO.TA,2907.42,30453.41,-111.97,2043.07,,2719.42,-128250.87,83693.2,246469.03,1212.68,,,102027.2,263917.31,
SPNS.TA,28521.35,29217.54,-72.31,28273.96,20078.53,-1906.07,-14020.6,97434.45,167343.59,27375.95,99900.0,79864.73,100628.97,106433.87,
SCOP.TA,-72.6,-54.01,-56.08,-68.4,-59.07,86.5,-141.2,2.02,8.49,-60.23,,-32.31,21.58,,
SLARL.TA,,0.0,,0.0,0.0,0.0,0.0,0.0,-61.38,0.0,,0.0,0.0,,
SKBN.TA,21868.7,19861.22,,22729.41,,,,97116.15,177966.63,32036.44,,,35324.93,,
SKLN.TA,-75.95,99.14,100.92,,137.26,80.18,-96.24,-1.22,-1.57,-14.84,101.24,-48.3,-0.56,,
SPNTC.TA,23036.44,33035.16,0.0,29527.06,,-15768.61,-40802.37,104910.46,109487.41,34299.08,384573.52,71881.99,99273.79,,-85552.59
STRS.TA,24582.63,37286.57,-62.74,,20990.05,,,99900.0,,31177.06,,,,,
TMRP.TA,-86.44,-102.36,-104.0,,,-0.2,,6.47,-5.05,,,,-1.02,0.27,
TFRLF.TA,32069.44,77049.12,-21.05,38346.96,,-99900.0,99900.0,119409.06,121573.76,55898.14,99900.0,99900.0,113022.06,,
TEVA.TA,-76.16,101.93,101.92,-75.69,-133.31,-41.14,73.85,-3.23,,112.15,-15.4,-1.95,-0.26,1.1,
TIGBUR.TA,-70.57,-40.9,,-69.5,,,,8.8,78.51,-53.35,-20.69,-95.71,8.82,-0.0,-46.34
TGTR.TA,,,,,,,,,,,,,,,
TSEM.TA,0.64,-1.57,-10.34,-0.27,19.74,20.27,-262.64,-0.79,-6.2,-1.58,-4.9,-14.85,1.59,0.17,
UNIT.TA,-73.58,-60.79,-54.35,-73.54,,36.85,81.4,-4.74,60.67,,0.0,0.0,7.66,,
VILR.TA,120.06,235.54,,15.97,,,,0.0,67.44,,,,-26.65,,
VTNA.TA,-67.83,,-99.08,-66.1,,,,20.35,52.65,,,-67.27,-2.61,,0.0
WILC.TA,-74.3,-60.77,-61.95,-75.08,-93.41,152.79,-101.16,4.3,14.94,-73.88,,,3.5,3.23,
YBOX.TA,0.0,-0.07,0.0,0.0,,,,0.0,0.0,0.0,,,0.0,,
