,Revenue,Net Income,Earnings Per Share (EPS),Gross Profit,Operating Income (EBIT),Investing Cash Flow,Financing Cash Flow,Total Assets,Total Liabilities,Shareholders’ Equity,Operating Cash Flow,Dividends Paid,Short-Term Debt,Long-Term Debt,Number of Outstanding Shares
ACCL.TA,"[-0.0106, 0.4218, 0.5718]","[-0.4173, 0.0151, 0.1651]","[-0.413, 0.0194, 0.1694]","[-0.0071, 0.4253, 0.5752]","[0.0172, 0.4496, 0.5996]","[0.4216, 0.854, 0.996]","[0.2303, 0.6627, 0.8127]","[0.6754, 0.8922, 0.7423]","[0.8556, 0.4232, 0.2732]","[-0.5802, -0.1478, 0.0021]","[None, None, None]","[None, None, None]","[None, None, None]","[None, None, None]","[None, None, None]"
ADGR.TA,"[0.5032, 0.4373, 0.5984]","[-1.0, -1.0, -1.0]","[-1.0, -1.0, -1.0]","[None, None, None]","[None, None, None]","[0.8044, 0.7385, 0.8995]","[0.4387, 0.3728, 0.5339]","[0.9493, 0.8834, 0.9555]","[0.2725, 0.2066, 0.3677]","[None, None, None]","[-1.0, -1.0, -1.0]","[-0.0116, 0.0543, -0.1067]","[None, None, None]","[None, None, None]","[None, None, None]"
AFRE.TA,"[-1.0, -1.0, -1.0]","[-1.0, -1.0, -1.0]","[None, None, None]","[-1.0, -1.0, -1.0]","[-1.0, -1.0, -1.0]","[None, None, None]","[None, None, None]","[-1.0, -1.0, -1.0]","[-1.0, -1.0, -1.0]","[-1.0, -1.0, -1.0]","[None, None, None]","[None, None, None]","[-1.0, -1.0, -1.0]","[-1.0, -1.0, -1.0]","[None, None, None]"
ARPT.TA,"[0.9332, 0.9292, 0.7057]","[-0.8564, -0.8605, -1.0]","[-1.0, -1.0, -1.0]","[-1.0, -1.0, -1.0]","[None, None, None]","[None, None, None]","[None, None, None]","[-1.0, -1.0, -1.0]","[-1.0, -1.0, -1.0]","[-1.0, -1.0, -1.0]","[None, None, None]","[None, None, None]","[None, None, None]","[-1.0, -1.0, -1.0]","[None, None, None]"
ASGR.TA,"[-0.1232, -0.0824, -0.191]","[0.8561, 0.8153, 0.924]","[None, None, None]","[-0.1382, -0.0974, -0.206]","[None, None, None]","[None, None, None]","[None, None, None]","[0.9998, 0.9594, 0.932]","[None, None, None]","[None, None, None]","[None, None, None]","[None, None, None]","[None, None, None]","[None, None, None]","[None, None, None]"
AVRT.TA,"[0.1382, 0.0992, 0.4094]","[-0.1927, -0.1536, -0.4638]","[-0.3, -0.2609, -0.5711]","[-0.0337, -0.0728, 0.2374]","[0.1243, 0.0852, 0.3954]","[1.0, 0.9609, 0.7289]","[0.9824, 0.9433, 0.7465]","[1.0, 0.9609, 0.7289]","[1.0, 0.9609, 0.7289]","[0.9634, 0.9976, 0.6922]","[-1.0, -1.0, -0.8139]","[None, None, None]","[None, None, None]","[None, None, None]","[None, None, None]"
AYAL.TA,"[None, None, None]","[0.0015, 0.2686, 0.201]","[None, None, None]","[None, None, None]","[None, None, None]","[-0.0249, 0.2422, 0.1746]","[0.0305, -0.2365, -0.169]","[0.1366, -0.1305, -0.0629]","[0.144, -0.1231, -0.0555]","[0.0739, -0.1932, -0.1256]","[None, None, None]","[None, None, None]","[None, None, None]","[None, None, None]","[None, None, None]"
AZRG.TA,"[None, None, None]","[0.209, 0.1893, 0.3451]","[-0.7074, -0.7271, -0.5712]","[None, None, None]","[None, None, None]","[None, None, None]","[None, None, None]","[0.9855, 0.9948, 0.8494]","[None, None, None]","[0.9839, 0.9641, 0.88]","[None, None, None]","[0.9939, 0.9742, 0.8699]","[None, None, None]","[None, None, None]","[0.9939, 0.9742, 0.8699]"
BIOV.TA,"[0.9801, 0.943, 0.9639]","[-0.1828, -0.2598, -0.2389]","[-0.2023, -0.2793, -0.2583]","[0.9801, 0.943, 0.9639]","[-0.1297, -0.2067, -0.1857]","[0.8297, 0.7527, 0.7736]","[-1.0, -1.0, -1.0]","[0.9543, 0.9687, 0.9896]","[0.8535, 0.7766, 0.7975]","[0.8261, 0.9031, 0.8821]","[0.9801, 0.943, 0.9639]","[None, None, None]","[None, None, None]","[None, None, None]","[None, None, None]"
BONS.TA,"[None, None, None]","[0.9724, 0.8309, 0.8459]","[0.9724, 0.8309, 0.8459]","[None, None, None]","[0.964, 0.7673, 0.7823]","[0.8119, 0.9914, 0.9937]","[0.9724, 0.8309, 0.8459]","[0.1895, -0.0072, 0.0078]","[0.9541, 0.8492, 0.8642]","[0.8056, 0.6089, 0.6239]","[0.5607, 0.364, 0.379]","[None, None, None]","[None, None, None]","[None, None, None]","[None, None, None]"
BRIL.TA,"[0.002, -0.0889, -0.1921]","[0.0007, 0.0916, 0.1949]","[None, None, None]","[0.002, -0.0889, -0.1922]","[-0.0, 0.0909, 0.1942]","[0.0011, 0.0921, 0.1953]","[-0.0032, -0.0941, -0.1974]","[0.0009, -0.09, -0.1932]","[0.0009, -0.09, -0.1932]","[0.001, -0.0899, -0.1931]","[0.0086, -0.0823, -0.1856]","[None, None, None]","[None, None, None]","[None, None, None]","[None, None, None]"
CANF.TA,"[None, None, None]","[None, None, None]","[None, None, None]","[None, None, None]","[None, None, None]","[None, None, None]","[None, None, None]","[None, None, None]","[None, None, None]","[None, None, None]","[None, None, None]","[None, None, None]","[None, None, None]","[None, None, None]","[None, None, None]"
CRSM.TA,"[-0.0165, -0.0797, -0.0057]","[-0.0176, -0.0807, -0.0067]","[0.7856, 0.8487, 0.7747]","[-0.0172, -0.0803, -0.0063]","[-0.0173, -0.0804, -0.0064]","[0.0191, 0.0822, 0.0083]","[-0.017, -0.0801, -0.0061]","[-0.0176, -0.0807, -0.0067]","[-0.0175, -0.0806, -0.0066]","[-0.0178, -0.0809, -0.0069]","[-0.0175, -0.0806, -0.0066]","[None, None, None]","[None, None, None]","[None, None, None]","[None, None, None]"
CAST.TA,"[None, None, None]","[None, None, None]","[None, None, None]","[None, None, None]","[None, None, None]","[None, None, None]","[None, None, None]","[0.0026, 0.0515, 0.1633]","[0.0029, 0.0518, 0.1637]","[0.0024, 0.0513, 0.1631]","[None, None, None]","[None, None, None]","[None, None, None]","[None, None, None]","[None, None, None]"
CBI.TA,"[None, None, None]","[-1.0, -1.0, -1.0]","[-1.0, -1.0, -1.0]","[None, None, None]","[None, None, None]","[None, None, None]","[-1.0, -1.0, -1.0]","[0.431, 0.2471, 0.0324]","[None, None, None]","[0.8036, 0.9875, 0.7978]","[0.8815, 0.9345, 0.7198]","[None, None, None]","[None, None, None]","[None, None, None]","[None, None, None]"
CLIS.TA,"[None, None, None]","[-0.3595, -0.2535, -0.3333]","[None, None, None]","[None, None, None]","[None, None, None]","[None, None, None]","[None, None, None]","[-1.0, -1.0, -1.0]","[None, None, None]","[-0.3155, -0.4216, -0.3418]","[None, None, None]","[None, None, None]","[None, None, None]","[None, None, None]","[None, None, None]"
CDEV.TA,"[0.332, 0.5558, 0.3947]","[0.7948, 0.9814, 0.8575]","[0.7968, 0.9794, 0.8594]","[None, None, None]","[0.3428, 0.5666, 0.4055]","[0.9565, 0.7327, 0.8938]","[0.6947, 0.9185, 0.7574]","[0.7607, 0.537, 0.6981]","[0.311, 0.0872, 0.2483]","[0.9324, 0.8438, 0.9951]","[0.4069, 0.6307, 0.4695]","[-1.0, -1.0, -1.0]","[None, None, None]","[None, None, None]","[None, None, None]"
DLEA.TA,"[0.4128, 0.5666, 0.4345]","[-0.3982, -0.2444, -0.3765]","[-0.4964, -0.3426, -0.4747]","[0.5174, 0.6712, 0.5391]","[0.5924, 0.7462, 0.6141]","[None, None, None]","[None, None, None]","[0.9694, 0.8156, 0.9477]","[0.5539, 0.4001, 0.5322]","[0.5809, 0.7347, 0.6026]","[None, None, None]","[None, None, None]","[0.8939, 0.7401, 0.8722]","[0.9439, 0.9022, 0.9656]","[None, None, None]"
DIMRI.TA,"[-0.1527, -0.0895, -0.1604]","[0.5055, 0.5686, 0.4977]","[None, None, None]","[0.0759, 0.139, 0.0682]","[None, None, None]","[-1.0, -1.0, -1.0]","[0.9031, 0.84, 0.9108]","[0.8249, 0.888, 0.8171]","[0.8687, 0.8055, 0.8764]","[0.989, 0.9478, 0.9813]","[None, None, None]","[0.6781, 0.7412, 0.6704]","[0.8749, 0.8117, 0.8826]","[None, None, None]","[None, None, None]"
DISI.TA,"[-0.0316, 0.2176, 0.0721]","[-1.0, -1.0, -1.0]","[None, None, None]","[None, None, None]","[None, None, None]","[0.1933, -0.0559, 0.0895]","[0.581, 0.8302, 0.6847]","[0.9852, 0.736, 0.8814]","[0.785, 0.5358, 0.6813]","[-1.0, -1.0, -1.0]","[-1.0, -1.0, -1.0]","[None, None, None]","[0.9746, 0.7761, 0.9216]","[0.7589, 0.5097, 0.6551]","[None, None, None]"
DRAL.TA,"[None, None, None]","[None, None, None]","[None, None, None]","[None, None, None]","[None, None, None]","[None, None, None]","[None, None, None]","[0.8469, 0.8857, 0.9553]","[0.8116, 0.8504, 0.92]","[0.9861, 0.9751, 0.9055]","[None, None, None]","[None, None, None]","[None, None, None]","[None, None, None]","[None, None, None]"
ELAL.TA,"[0.0284, -0.1068, 0.0423]","[-0.0252, 0.11, -0.0391]","[None, None, None]","[-0.0257, 0.1095, -0.0396]","[-0.0266, 0.1086, -0.0406]","[-0.0272, 0.108, -0.0411]","[0.0258, -0.1094, 0.0397]","[0.0279, -0.1073, 0.0418]","[None, None, None]","[-0.0252, 0.1099, -0.0392]","[None, None, None]","[None, None, None]","[None, None, None]","[None, None, None]","[None, None, None]"
ELCO.TA,"[0.0038, -0.0453, -0.0307]","[0.0039, -0.0452, -0.0306]","[0.0278, 0.0768, 0.0623]","[0.0038, -0.0452, -0.0307]","[0.0039, -0.0451, -0.0306]","[None, None, None]","[None, None, None]","[0.0028, -0.0462, -0.0317]","[0.0027, -0.0464, -0.0318]","[0.0029, -0.0461, -0.0316]","[None, None, None]","[None, None, None]","[None, None, None]","[None, None, None]","[None, None, None]"
ELTR.TA,"[0.7528, 0.6794, 0.7517]","[0.4611, 0.5346, 0.4623]","[None, None, None]","[-0.3794, -0.306, -0.3783]","[0.6759, 0.7493, 0.6771]","[0.5463, 0.6197, 0.5474]","[-0.4818, -0.5552, -0.483]","[0.4695, 0.396, 0.4683]","[0.4235, 0.35, 0.4223]","[0.5918, 0.5183, 0.5906]","[None, None, None]","[-1.0, -1.0, -1.0]","[None, None, None]","[None, None, None]","[None, None, None]"
EMDV.TA,"[-1.0, -1.0, -1.0]","[-1.0, -1.0, -1.0]","[None, None, None]","[-1.0, -1.0, -1.0]","[-1.0, -1.0, -1.0]","[-1.0, -1.0, -1.0]","[-1.0, -1.0, -1.0]","[-1.0, -1.0, -1.0]","[-1.0, -1.0, -1.0]","[-1.0, -1.0, -1.0]","[-1.0, -1.0, -1.0]","[None, None, None]","[None, None, None]","[None, None, None]","[0.9653, 0.8579, 0.8019]"
FIBI.TA,"[None, None, None]","[0.0199, 0.0431, -0.0893]","[None, None, None]","[None, None, None]","[None, None, None]","[None, None, None]","[None, None, None]","[0.9811, 0.9958, 0.8718]","[0.8841, 0.9073, 0.7749]","[0.9825, 0.9944, 0.8732]","[None, None, None]","[None, None, None]","[None, None, None]","[None, None, None]","[None, None, None]"
FORTY.TA,"[0.037, 0.2099, 0.2273]","[-0.0456, 0.1273, 0.1447]","[-0.0547, 0.1182, 0.1356]","[-0.0244, 0.1485, 0.1659]","[-0.0756, 0.0973, 0.1147]","[None, None, None]","[None, None, None]","[0.9565, 0.8706, 0.8532]","[None, None, None]","[0.5134, 0.3405, 0.3231]","[None, None, None]","[None, None, None]","[0.6133, 0.4404, 0.423]","[0.7134, 0.8863, 0.9037]","[0.9735, 0.8536, 0.8362]"
GAON-M.TA,"[-0.0273, 0.0056, 0.0249]","[0.2774, 0.2445, 0.2251]","[0.5524, 0.5196, 0.5002]","[0.0561, 0.089, 0.1084]","[0.3649, 0.332, 0.3127]","[0.6687, 0.7016, 0.721]","[None, None, None]","[0.9946, 0.9617, 0.9424]","[0.9874, 0.9797, 0.9603]","[0.9979, 0.9692, 0.9499]","[None, None, None]","[None, None, None]","[0.9065, 0.9394, 0.9588]","[0.9991, 0.968, 0.9487]","[None, None, None]"
GNRS.TA,"[None, None, None]","[None, None, None]","[0.9884, 0.8782, 0.9342]","[None, None, None]","[None, None, None]","[-0.0116, 0.1218, 0.0658]","[0.0116, -0.1217, -0.0658]","[0.0128, -0.1205, -0.0646]","[0.0246, -0.1088, -0.0528]","[0.0126, -0.1207, -0.0648]","[None, None, None]","[None, None, None]","[None, None, None]","[None, None, None]","[None, None, None]"
GILT.TA,"[0.8127, 0.8135, 0.9588]","[0.3504, 0.3497, 0.2043]","[0.3719, 0.3712, 0.2259]","[0.912, 0.9113, 0.7659]","[0.3118, 0.3111, 0.1658]","[0.9668, 0.9661, 0.8207]","[0.0174, 0.0166, -0.1287]","[0.967, 0.9677, 0.887]","[0.8994, 0.9002, 0.9545]","[0.9973, 0.998, 0.8567]","[None, None, None]","[None, None, None]","[0.991, 0.9903, 0.8449]","[0.009, 0.0097, 0.1551]","[0.9908, 0.99, 0.8447]"
GNGR.TA,"[-1.0, -1.0, -1.0]","[-1.0, -1.0, -1.0]","[-0.3024, -0.2949, -0.1678]","[-1.0, -1.0, -1.0]","[-1.0, -1.0, -1.0]","[-1.0, -1.0, -1.0]","[-1.0, -1.0, -1.0]","[-1.0, -1.0, -1.0]","[-1.0, -1.0, -1.0]","[-1.0, -1.0, -1.0]","[-1.0, -1.0, -1.0]","[None, None, None]","[-1.0, -1.0, -1.0]","[-1.0, -1.0, -1.0]","[None, None, None]"
GKL.TA,"[0.0297, 0.066, -0.1113]","[0.8859, 0.8497, 0.9731]","[None, None, None]","[0.0594, 0.0956, -0.0816]","[None, None, None]","[-1.0, -1.0, -1.0]","[0.3364, 0.3001, 0.4774]","[0.9344, 0.8982, 0.9246]","[0.6207, 0.5845, 0.7617]","[0.9814, 0.9451, 0.8776]","[None, None, None]","[None, None, None]","[None, None, None]","[0.1406, 0.1768, -0.0004]","[None, None, None]"
GOLD.TA,"[-1.0, -1.0, -1.0]","[-1.0, -1.0, -1.0]","[-1.0, -1.0, -1.0]","[0.9198, 0.8028, 0.8061]","[-1.0, -1.0, -1.0]","[-0.4703, -0.7478, -0.7445]","[-1.0, -1.0, -1.0]","[0.3531, 0.6305, 0.6272]","[0.3072, 0.5846, 0.5813]","[0.373, 0.6504, 0.6471]","[-0.159, 0.1184, 0.1151]","[0.998, 0.7206, 0.7239]","[None, None, None]","[None, None, None]","[None, None, None]"
GOHO.TA,"[0.4822, 0.4933, 0.5749]","[-0.2034, -0.1923, -0.1106]","[0.9178, 0.9067, 0.825]","[0.5011, 0.5122, 0.5938]","[-0.1559, -0.1448, -0.0631]","[0.9828, 0.9939, 0.9245]","[0.0829, 0.0718, -0.0099]","[0.9864, 0.9975, 0.9208]","[0.9949, 0.9838, 0.9021]","[0.9827, 0.9938, 0.9245]","[0.0576, 0.0687, 0.1504]","[None, None, None]","[0.9359, 0.947, 0.9713]","[0.9727, 0.9616, 0.8799]","[0.983, 0.9941, 0.9243]"
GOLF.TA,"[0.0006, -0.0177, -0.4417]","[0.0017, 0.02, 0.444]","[0.3613, 0.3797, 0.8037]","[0.0007, -0.0176, -0.4416]","[0.0012, 0.0196, 0.4436]","[0.0025, 0.0209, 0.4449]","[0.0079, 0.0263, 0.4503]","[-0.0003, -0.0187, -0.4427]","[-0.0003, -0.0187, -0.4427]","[-0.0002, -0.0186, -0.4426]","[0.001, -0.0174, -0.4414]","[None, None, None]","[None, None, None]","[None, None, None]","[None, None, None]"
MSBI.TA,"[0.0015, 0.0822, 0.0972]","[-0.0004, -0.0811, -0.0961]","[-0.5714, -0.6521, -0.6671]","[0.0016, 0.0823, 0.0972]","[0.0005, 0.0812, 0.0961]","[0.0012, -0.0795, -0.0944]","[0.0012, -0.0795, -0.0944]","[0.001, 0.0817, 0.0966]","[0.0013, 0.082, 0.0969]","[0.0012, 0.0819, 0.0968]","[None, None, None]","[None, None, None]","[0.0282, 0.1089, 0.1238]","[0.0001, 0.0807, 0.0957]","[None, None, None]"
HAMAT.TA,"[-1.0, -1.0, -1.0]","[-1.0, -1.0, -1.0]","[0.2569, 0.3547, 0.4867]","[-1.0, -1.0, -1.0]","[-1.0, -1.0, -1.0]","[-1.0, -1.0, -1.0]","[-1.0, -1.0, -1.0]","[-1.0, -1.0, -1.0]","[-1.0, -1.0, -1.0]","[-1.0, -1.0, -1.0]","[None, None, None]","[None, None, None]","[None, None, None]","[None, None, None]","[None, None, None]"
HARL.TA,"[0.3305, 0.5079, 0.3708]","[0.9394, 0.8833, 0.9796]","[None, None, None]","[None, None, None]","[None, None, None]","[None, None, None]","[None, None, None]","[0.0039, -0.1735, -0.0363]","[0.0039, -0.1735, -0.0363]","[0.0042, -0.1732, -0.0361]","[None, None, None]","[None, None, None]","[None, None, None]","[None, None, None]","[None, None, None]"
HRON.TA,"[0.9326, 0.9381, 0.9862]","[0.8854, 0.756, 0.8317]","[None, None, None]","[0.9808, 0.8514, 0.9271]","[None, None, None]","[0.3449, 0.4743, 0.3986]","[-1.0, -1.0, -1.0]","[0.991, 0.8617, 0.9374]","[0.0941, -0.0353, 0.0405]","[0.9954, 0.8752, 0.9509]","[None, None, None]","[0.9975, 0.8682, 0.9439]","[0.9393, 0.8099, 0.8856]","[0.9975, 0.8682, 0.9439]","[None, None, None]"
ILX.TA,"[0.8165, 0.9919, 0.9508]","[-1.0, -1.0, -1.0]","[0.1779, 0.3533, 0.3122]","[0.7015, 0.8769, 0.8359]","[-0.2313, -0.0559, -0.0969]","[-1.0, -1.0, -1.0]","[-1.0, -1.0, -1.0]","[0.8853, 0.9392, 0.9803]","[0.8361, 0.9884, 0.9705]","[0.9262, 0.8984, 0.9394]","[None, None, None]","[None, None, None]","[None, None, None]","[None, None, None]","[None, None, None]"
ININ.TA,"[0.9143, 0.8347, 0.8608]","[0.5317, 0.4521, 0.4782]","[0.6554, 0.5759, 0.602]","[0.6459, 0.7255, 0.6994]","[0.3157, 0.3952, 0.3691]","[-0.5451, -0.6247, -0.5986]","[-1.0, -1.0, -1.0]","[0.2084, 0.1288, 0.1549]","[-0.0137, -0.0933, -0.0671]","[0.8634, 0.7838, 0.8099]","[-0.105, -0.1846, -0.1585]","[None, None, None]","[0.8142, 0.7346, 0.7607]","[0.8313, 0.7517, 0.7778]","[None, None, None]"
ISTA.TA,"[-0.0305, -0.1481, 0.1304]","[-0.0204, -0.138, 0.1405]","[-1.0, -1.0, -1.0]","[-0.0324, -0.15, 0.1285]","[-0.0349, -0.1526, 0.1259]","[0.0435, 0.1612, -0.1173]","[-0.035, -0.1527, 0.1258]","[-0.0381, -0.1557, 0.1228]","[-0.0378, -0.1555, 0.123]","[-0.0381, -0.1557, 0.1228]","[None, None, None]","[None, None, None]","[None, None, None]","[None, None, None]","[-0.0381, -0.1557, 0.1228]"
JBNK.TA,"[-0.0127, 0.0252, -0.0363]","[0.2229, 0.2607, 0.1992]","[0.7806, 0.7428, 0.8043]","[None, None, None]","[None, None, None]","[None, None, None]","[None, None, None]","[0.9496, 0.9874, 0.9259]","[0.9473, 0.9852, 0.9237]","[0.9808, 0.9813, 0.9572]","[None, None, None]","[None, None, None]","[None, None, None]","[None, None, None]","[None, None, None]"
KAFR.TA,"[-0.1382, -0.0865, 0.0303]","[0.1066, 0.1583, 0.2751]","[0.8627, 0.8111, 0.6943]","[-0.1302, -0.0786, 0.0382]","[-0.2561, -0.2044, -0.0876]","[0.9785, 0.9698, 0.853]","[-1.0, -1.0, -1.0]","[0.9737, 0.9747, 0.8579]","[0.9194, 0.9711, 0.9121]","[0.9927, 0.9556, 0.8388]","[None, None, None]","[-0.0215, 0.0302, 0.147]","[0.9348, 0.9865, 0.8967]","[0.5394, 0.5911, 0.7079]","[None, None, None]"
KRDI.TA,"[0.9095, 0.9183, 0.9835]","[-1.0, -1.0, -1.0]","[-1.0, -1.0, -1.0]","[0.9095, 0.9183, 0.9835]","[-1.0, -1.0, -1.0]","[-1.0, -1.0, -1.0]","[-1.0, -1.0, -1.0]","[0.9881, 0.9793, 0.9141]","[0.9201, 0.9289, 0.9941]","[0.8869, 0.8781, 0.8129]","[None, None, None]","[None, None, None]","[None, None, None]","[None, None, None]","[None, None, None]"
KEN.TA,"[None, None, None]","[-1.0, -1.0, -1.0]","[-1.0, -1.0, -1.0]","[0.5287, 0.352, 0.4117]","[None, None, None]","[-1.0, -1.0, -1.0]","[-1.0, -1.0, -1.0]","[0.7788, 0.9555, 0.8958]","[0.8939, 0.9294, 0.989]","[0.4661, 0.6428, 0.5831]","[0.8428, 0.9805, 0.9598]","[None, None, None]","[0.4346, 0.258, 0.3176]","[0.9005, 0.7238, 0.7835]","[None, None, None]"
KNFM.TA,"[None, None, None]","[-1.0, -1.0, -1.0]","[None, None, None]","[None, None, None]","[0.8965, 0.8553, 0.99]","[None, None, None]","[None, None, None]","[None, None, None]","[None, None, None]","[-1.0, -1.0, -1.0]","[None, None, None]","[None, None, None]","[None, None, None]","[None, None, None]","[None, None, None]"
LPHL.TA,"[0.2703, 0.2428, 0.2403]","[0.2133, 0.1858, 0.1833]","[None, None, None]","[None, None, None]","[None, None, None]","[None, None, None]","[None, None, None]","[0.1555, 0.128, 0.1255]","[0.0918, 0.0643, 0.0618]","[0.4576, 0.4301, 0.4276]","[None, None, None]","[None, None, None]","[None, None, None]","[None, None, None]","[None, None, None]"
LEOF.TA,"[None, None, None]","[-1.0, -1.0, -1.0]","[-0.0022, 0.0087, 0.0134]","[0.327, 0.3379, 0.3426]","[0.8478, 0.8587, 0.8634]","[-0.1783, -0.1892, -0.1939]","[-0.2969, -0.286, -0.2812]","[0.9071, 0.918, 0.9227]","[None, None, None]","[0.9659, 0.9768, 0.9816]","[None, None, None]","[None, None, None]","[0.572, 0.5611, 0.5563]","[0.9983, 0.9908, 0.986]","[None, None, None]"
LEVI.TA,"[None, None, None]","[0.7215, 0.6191, 0.7942]","[-1.0, -1.0, -1.0]","[None, None, None]","[0.941, 0.9566, 0.8683]","[0.9886, 0.909, 0.9158]","[0.9886, 0.909, 0.9158]","[0.9859, 0.8835, 0.9414]","[0.9373, 0.8349, 0.99]","[0.9886, 0.909, 0.9158]","[None, None, None]","[0.5183, 0.4159, 0.591]","[None, None, None]","[None, None, None]","[None, None, None]"
MGOR.TA,"[None, None, None]","[0.0075, -0.0083, 0.0358]","[None, None, None]","[None, None, None]","[None, None, None]","[None, None, None]","[None, None, None]","[0.0067, -0.0091, 0.035]","[0.0067, -0.009, 0.0351]","[0.0067, -0.009, 0.0351]","[None, None, None]","[None, None, None]","[None, None, None]","[None, None, None]","[None, None, None]"
MNIN.TA,"[0.0049, -0.0258, -0.088]","[0.0049, -0.0259, -0.0881]","[None, None, None]","[0.0049, -0.0259, -0.0881]","[0.0049, -0.0259, -0.0881]","[-0.0014, 0.0294, 0.0916]","[-0.0012, 0.0296, 0.0918]","[0.004, -0.0268, -0.089]","[0.004, -0.0268, -0.089]","[0.004, -0.0268, -0.089]","[0.0047, -0.0261, -0.0883]","[None, None, None]","[0.0034, -0.0274, -0.0896]","[0.0033, -0.0275, -0.0897]","[None, None, None]"
MNRT.TA,"[0.0274, 0.0257, 0.0573]","[0.2845, 0.2863, 0.2546]","[None, None, None]","[None, None, None]","[None, None, None]","[0.9999, 0.9983, 0.97]","[0.9027, 0.9044, 0.8727]","[0.9642, 0.9659, 0.9343]","[0.9844, 0.9826, 0.9857]","[0.9241, 0.9259, 0.8942]","[0.153, 0.1547, 0.1231]","[-1.0, -1.0, -0.9772]","[0.873, 0.8747, 0.8431]","[0.9776, 0.9759, 0.9925]","[None, None, None]"
MMHD.TA,"[0.1561, -0.0051, 0.1565]","[0.9993, 0.8395, 0.9989]","[-1.0, -1.0, -1.0]","[None, None, None]","[None, None, None]","[None, None, None]","[None, None, None]","[0.9994, 0.8393, 0.9991]","[0.0366, -0.1246, 0.037]","[0.0019, 0.1632, 0.0016]","[None, None, None]","[None, None, None]","[None, None, None]","[None, None, None]","[None, None, None]"
MCRNT.TA,"[-1.0, -1.0, -1.0]","[0.1939, -0.0136, -0.5946]","[-1.0, -1.0, -1.0]","[0.2611, 0.4685, 0.9505]","[0.9546, 0.7472, 0.1662]","[-1.0, -1.0, -1.0]","[-0.6397, -0.4322, 0.1487]","[0.8787, 0.6712, 0.0903]","[0.7465, 0.539, -0.0419]","[0.8555, 0.648, 0.0671]","[0.4711, 0.2637, -0.3173]","[None, None, None]","[0.6068, 0.3994, -0.1816]","[None, None, None]","[None, None, None]"
MGDL.TA,"[0.9974, 0.8181, 0.9502]","[0.9974, 0.8181, 0.9502]","[None, None, None]","[None, None, None]","[None, None, None]","[None, None, None]","[-0.9974, -0.8181, -0.9502]","[0.942, 0.8787, 0.9892]","[0.9419, 0.8788, 0.9891]","[0.7682, 0.5889, 0.721]","[None, None, None]","[None, None, None]","[None, None, None]","[0.9916, 0.8291, 0.9612]","[None, None, None]"
MLD.TA,"[None, None, None]","[None, None, None]","[None, None, None]","[None, None, None]","[None, None, None]","[None, None, None]","[None, None, None]","[-0.0157, -0.1515, 0.1675]","[-0.0162, -0.152, 0.167]","[None, None, None]","[None, None, None]","[None, None, None]","[None, None, None]","[None, None, None]","[None, None, None]"
MSHR.TA,"[0.0138, -0.0765, 0.1083]","[0.013, 0.1032, -0.0815]","[None, None, None]","[-0.0053, -0.0956, 0.0892]","[-0.0128, -0.103, 0.0818]","[0.0112, 0.1014, -0.0834]","[-0.0083, -0.0986, 0.0862]","[-0.0088, -0.099, 0.0858]","[-0.0088, -0.099, 0.0858]","[-0.0089, -0.0991, 0.0857]","[-0.0079, -0.0982, 0.0866]","[None, None, None]","[None, None, None]","[None, None, None]","[None, None, None]"
MZTF.TA,"[None, None, None]","[-1.0, -1.0, -1.0]","[None, None, None]","[None, None, None]","[None, None, None]","[None, None, None]","[None, None, None]","[-1.0, -1.0, -1.0]","[None, None, None]","[-1.0, -1.0, -1.0]","[None, None, None]","[None, None, None]","[None, None, None]","[None, None, None]","[None, None, None]"
NFTA.TA,"[0.5898, 0.8201, 0.5628]","[0.164, -0.0663, 0.1909]","[0.8016, 0.5713, 0.8286]","[0.666, 0.8963, 0.6391]","[0.7052, 0.9355, 0.6782]","[None, None, None]","[None, None, None]","[0.908, 0.6777, 0.9349]","[0.9287, 0.6984, 0.9556]","[0.8859, 0.6556, 0.9129]","[None, None, None]","[None, None, None]","[None, None, None]","[None, None, None]","[None, None, None]"
NSTR.TA,"[None, None, None]","[-0.1454, -0.2245, -0.4855]","[-0.1442, -0.2232, -0.4842]","[None, None, None]","[None, None, None]","[-1.0, -1.0, -1.0]","[-1.0, -1.0, -1.0]","[0.9861, 0.9348, 0.6739]","[0.9798, 0.9007, 0.6398]","[0.912, 0.833, 0.572]","[-0.1129, -0.0338, 0.2272]","[None, None, None]","[None, None, None]","[None, None, None]","[None, None, None]"
OPAL.TA,"[None, None, None]","[-0.1337, -0.0491, -0.1723]","[0.9762, 0.9393, 0.9375]","[None, None, None]","[None, None, None]","[0.8481, 0.7636, 0.8868]","[0.8716, 0.7871, 0.9103]","[0.9746, 0.89, 0.9867]","[0.8873, 0.8027, 0.926]","[0.9468, 0.9686, 0.9082]","[None, None, None]","[-1.0, -1.0, -1.0]","[None, None, None]","[None, None, None]","[None, None, None]"
OPCE.TA,"[-0.0156, -0.0292, -0.0094]","[-0.0168, -0.0305, -0.0106]","[0.0826, 0.0689, 0.0888]","[-0.016, -0.0297, -0.0098]","[-0.0162, -0.0298, -0.01]","[0.0185, 0.0322, 0.0123]","[-0.0151, -0.0287, -0.0089]","[-0.0163, -0.0299, -0.0101]","[-0.0162, -0.0299, -0.01]","[-0.0164, -0.0301, -0.0102]","[None, None, None]","[None, None, None]","[None, None, None]","[-0.0159, -0.0295, -0.0097]","[None, None, None]"
ORBI.TA,"[-0.0589, 0.05, 0.3238]","[-1.0, -1.0, -1.0]","[-1.0, -1.0, -1.0]","[-0.4055, -0.2966, -0.0228]","[-1.0, -1.0, -1.0]","[-1.0, -1.0, -1.0]","[-1.0, -1.0, -1.0]","[0.9826, 0.9085, 0.6347]","[0.941, 0.95, 0.6762]","[0.941, 0.95, 0.6762]","[0.5292, 0.6382, 0.912]","[None, None, None]","[None, None, None]","[None, None, None]","[None, None, None]"
PLSN.TA,"[-1.0, -1.0, -1.0]","[-1.0, -1.0, -1.0]","[0.0268, 0.1357, 0.103]","[-1.0, -1.0, -1.0]","[-1.0, -1.0, -1.0]","[-1.0, -1.0, -1.0]","[-1.0, -1.0, -1.0]","[-1.0, -1.0, -1.0]","[-1.0, -1.0, -1.0]","[-1.0, -1.0, -1.0]","[None, None, None]","[None, None, None]","[-1.0, -1.0, -1.0]","[-1.0, -1.0, -1.0]","[None, None, None]"
PPIL.TA,"[-0.0195, -0.0172, 0.0012]","[-1.0, -1.0, -1.0]","[-1.0, -1.0, -1.0]","[-0.2022, -0.1999, -0.1815]","[-1.0, -1.0, -1.0]","[-1.0, -1.0, -1.0]","[-1.0, -1.0, -1.0]","[0.9972, 0.9995, 0.9821]","[0.9602, 0.958, 0.9396]","[0.9749, 0.9772, 0.9956]","[-0.8746, -0.8723, -0.8539]","[None, None, None]","[None, None, None]","[0.3472, 0.3449, 0.3265]","[None, None, None]"
RTPT.TA,"[None, None, None]","[None, None, None]","[None, None, None]","[None, None, None]","[None, None, None]","[None, None, None]","[None, None, None]","[0.0649, -0.0763, -0.211]","[-0.0344, -0.1756, -0.3103]","[-1.0, -1.0, -1.0]","[None, None, None]","[None, None, None]","[None, None, None]","[None, None, None]","[None, None, None]"
RAVD.TA,"[0.5245, 0.5293, 0.6592]","[0.0454, 0.0501, 0.18]","[None, None, None]","[0.2422, 0.2469, 0.3768]","[0.172, 0.1767, 0.3067]","[0.7541, 0.7494, 0.6194]","[0.1531, 0.1484, 0.0185]","[0.9651, 0.9698, 0.9003]","[0.3432, 0.3479, 0.4778]","[0.942, 0.9468, 0.9233]","[-1.0, -1.0, -1.0]","[None, None, None]","[0.8027, 0.8075, 0.9374]","[0.974, 0.9693, 0.8394]","[None, None, None]"
RIMO.TA,"[-0.2196, -0.1624, 0.0579]","[-0.652, -0.5949, -0.3746]","[-0.819, -0.7619, -0.5415]","[-1.0, -1.0, -1.0]","[-1.0, -1.0, -0.9742]","[-1.0, -1.0, -1.0]","[0.7937, 0.7365, 0.5162]","[0.9777, 0.9652, 0.7448]","[0.5132, 0.5704, 0.7907]","[0.935, 0.8779, 0.6576]","[None, None, None]","[None, None, None]","[0.6625, 0.6053, 0.385]","[None, None, None]","[0.9987, 0.9415, 0.7212]"
SHAN.TA,"[0.839, 0.7852, 0.7664]","[0.038, 0.0918, 0.1106]","[-0.0319, 0.0219, 0.0407]","[0.1884, 0.2422, 0.261]","[0.9927, 0.9389, 0.9201]","[-0.0727, -0.1266, -0.1454]","[0.9626, 0.9088, 0.89]","[0.9756, 0.9705, 0.9518]","[0.9681, 0.9781, 0.9593]","[0.9492, 0.9969, 0.9782]","[None, None, None]","[0.9857, 0.9604, 0.9417]","[None, None, None]","[None, None, None]","[None, None, None]"
SMT.TA,"[-0.0395, -0.1361, 0.0704]","[-0.0403, -0.1369, 0.0695]","[-1.0, -1.0, -1.0]","[-0.0397, -0.1363, 0.0702]","[-0.039, -0.1356, 0.0708]","[-0.0431, -0.1397, 0.0668]","[-1.0, -1.0, -1.0]","[-0.0411, -0.1377, 0.0688]","[-0.0411, -0.1377, 0.0687]","[-0.041, -0.1375, 0.0689]","[None, None, None]","[None, None, None]","[None, None, None]","[None, None, None]","[-0.042, -0.1386, 0.0679]"
SNCM.TA,"[0.9558, 0.8656, 0.9897]","[0.0962, 0.006, 0.1301]","[0.0906, 0.0004, 0.1245]","[0.8022, 0.712, 0.8361]","[0.9128, 0.8226, 0.9467]","[-0.4675, -0.5577, -0.4336]","[0.3412, 0.251, 0.3751]","[0.9097, 0.8195, 0.9436]","[0.7047, 0.7949, 0.6708]","[0.9884, 0.9214, 0.9545]","[None, None, None]","[None, None, None]","[None, None, None]","[None, None, None]","[0.9927, 0.9171, 0.9588]"
TMRP.TA,"[0.4383, 0.5816, 0.3775]","[0.3748, 0.5181, 0.314]","[None, None, None]","[None, None, None]","[0.5304, 0.6737, 0.4696]","[0.1482, 0.0049, 0.2091]","[0.9103, 0.767, 0.9711]","[0.9387, 0.7954, 0.9995]","[0.9333, 0.79, 0.9941]","[0.9617, 0.8184, 0.9775]","[None, None, None]","[None, None, None]","[0.917, 0.7737, 0.9778]","[0.9182, 0.7749, 0.979]","[0.9172, 0.7739, 0.9781]"
TFRLF.TA,"[None, None, None]","[-0.9343, -1.0, -0.6709]","[-0.9752, -1.0, -0.7118]","[0.2462, 0.3717, -0.0172]","[-0.287, -0.4126, -0.0236]","[-0.3689, -0.2433, -0.6323]","[0.6897, 0.8153, 0.4263]","[0.9062, 0.7807, 0.8303]","[0.8415, 0.716, 0.8951]","[0.9515, 0.826, 0.7851]","[None, None, None]","[None, None, None]","[0.4437, 0.5692, 0.1803]","[0.8816, 0.9928, 0.6182]","[None, None, None]"
TTAM.TA,"[0.0075, -0.1427, -0.7486]","[0.0085, -0.1417, -0.7477]","[-1.0, -0.998, -0.3921]","[0.0075, -0.1427, -0.7486]","[0.0079, -0.1422, -0.7482]","[0.0015, 0.1516, 0.7576]","[0.0037, -0.1465, -0.7525]","[0.0063, -0.1439, -0.7498]","[0.0068, -0.1433, -0.7493]","[0.0064, -0.1437, -0.7497]","[None, None, None]","[-0.0069, 0.1433, 0.7492]","[0.9962, 0.8536, 0.2477]","[0.006, -0.1441, -0.7501]","[None, None, None]"
VCTR.TA,"[-0.016, 0.0616, 0.1437]","[0.1508, 0.2284, 0.3105]","[0.1578, 0.2354, 0.3175]","[-0.0217, 0.0559, 0.138]","[None, None, None]","[0.8202, 0.7426, 0.6605]","[-1.0, -1.0, -1.0]","[0.9456, 0.868, 0.7859]","[0.9449, 0.8673, 0.7853]","[0.9797, 0.9021, 0.82]","[None, None, None]","[0.9697, 0.892, 0.81]","[None, None, None]","[None, None, None]","[-0.022, -0.0996, -0.1817]"
VILR.TA,"[None, None, None]","[None, None, None]","[0.2928, 0.2431, 0.3211]","[None, None, None]","[None, None, None]","[0.0009, 0.0506, -0.0274]","[-0.1424, -0.0927, -0.1707]","[0.0016, -0.048, 0.03]","[0.0019, -0.0477, 0.0303]","[0.0018, -0.0478, 0.0302]","[None, None, None]","[None, None, None]","[None, None, None]","[0.002, -0.0477, 0.0304]","[None, None, None]"
VTNA.TA,"[0.0515, 0.1468, -0.0633]","[-1.0, -1.0, -1.0]","[-1.0, -1.0, -1.0]","[0.1564, 0.2517, 0.0416]","[None, None, None]","[-1.0, -1.0, -1.0]","[0.5409, 0.6362, 0.4261]","[0.9982, 0.9065, 0.8834]","[0.0435, 0.1388, -0.0713]","[0.9684, 0.8731, 0.9168]","[0.56, 0.6553, 0.4451]","[0.9656, 0.8703, 0.9196]","[0.8528, 0.9481, 0.738]","[0.9314, 0.8361, 0.9538]","[None, None, None]"
XTLB.TA,"[None, None, None]","[-1.0, -1.0, -1.0]","[None, None, None]","[None, None, None]","[0.1651, 0.0615, -0.0826]","[None, None, None]","[None, None, None]","[0.9434, 0.8399, 0.6958]","[0.0361, -0.0674, -0.2115]","[0.9482, 0.8447, 0.7006]","[None, None, None]","[None, None, None]","[None, None, None]","[None, None, None]","[0.9906, 0.9059, 0.7618]"
YHNF.TA,"[0.9163, 0.8221, 0.783]","[0.0961, 0.1903, 0.2294]","[0.8914, 0.9856, 0.9753]","[0.9409, 0.8467, 0.8076]","[0.8764, 0.7822, 0.7432]","[0.0772, -0.017, -0.0561]","[-1.0, -1.0, -1.0]","[0.9682, 0.874, 0.8349]","[0.3565, 0.2623, 0.2232]","[-0.1097, -0.0155, 0.0236]","[-0.008, -0.1022, -0.1412]","[0.9878, 0.8936, 0.8545]","[0.7593, 0.8535, 0.8926]","[0.9898, 0.916, 0.877]","[None, None, None]"
