Ticker,MSE,MAE,MAPE,R2
ABRA.TA,2.847641572,1.35783501,0.004455152,0.99576355
ACCL.TA,8.12948577,2.350645561,0.015805669,0.984776094
ACKR.TA,2484.195737,44.22340098,0.052912483,0.603528065
ACRO.TA,1671.764819,30.37921715,0.005031118,0.984002674
ADGR.TA,6.329996714,1.964351776,0.003693457,0.997252926
ARDM.TA,2.128667301,1.031755337,0.015527986,0.993879855
AFHL.TA,12917.61514,68.57480816,0.004814363,0.999266868
AFPR.TA,4422.812865,50.77278243,0.00297261,0.98279428
AFRE.TA,159963.1784,325.5210067,0.011971424,0.953920736
ARPT.TA,945.3868192,27.04353031,0.00455412,0.989783969
ARTS.TA,162.9103534,8.598547113,0.156615785,0.813972548
ALAR.TA,277.8613673,15.0828146,0.037762875,0.966307679
ALBA.TA,3036.089728,41.79609534,0.022519358,0.914008206
ALMD.TA,0.140983002,0.311401291,0.009017527,0.981326845
ALLT.TA,12337.17943,95.97359459,0.055582573,0.971713307
ALMY.TA,100207.8247,275.014678,0.884844337,-0.22350559
AMDA.TA,18.6751183,3.547947925,0.022082265,0.858210045
ALMA.TA,706.40373,21.57415795,0.021071295,0.939503425
ALHE.TA,326.7859741,13.14304296,0.00418646,0.993586709
ALRPR.TA,9757.195548,76.99921077,0.004349475,0.998180651
ALUMA.TA,13.40700671,1.909266608,0.041425852,0.41615769
AMAN.TA,23.87721077,3.50178413,0.002151162,0.998371565
AMD.TA,79.38226622,6.618527712,0.00720522,0.93511102
AMRK.TA,474.5134244,18.10260501,0.006139494,0.981774206
AMOT.TA,15.25637818,3.024095087,0.001644116,0.999625378
AMRM.TA,11461.5668,86.05565114,0.027505848,-1.182231884
ANGL.TA,482.1628829,15.19859851,0.004733677,0.994305142
APLP.TA,618.749059,19.30507596,0.055402019,0.902915838
AQUA.TA,4630.913084,53.9475032,0.335843456,-2.032432854
ARD.TA,353.1065256,15.42779705,0.003014018,0.989576719
ARAD.TA,6241062.511,1010.773447,5.423419417,0.827713122
ARAN.TA,486.1706888,18.64530815,0.009761052,0.816500544
ARBE.TA,71039.38925,226.4001642,0.449037301,-1.452733697
ARGO.TA,46021.12332,70.64004821,0.006976239,0.882855524
ARIN.TA,21.94644983,2.509002636,0.010917228,0.952042155
ARYT.TA,134398.6685,236.5273313,0.17194994,0.333783528
ARF.TA,69122.01263,218.4351089,0.032933849,0.157658474
ASHO.TA,269092.7279,434.3494997,0.082779288,0.193836071
ASHG.TA,5642.260315,48.90849768,0.007983471,0.9831471
ASGR.TA,62.1867358,6.776366454,0.009886161,0.991281272
AUDC.TA,23917.93661,52.51140238,0.014932279,0.741255314
AUGN.TA,8812.760853,78.21480704,0.175803854,0.386852131
AURA.TA,6627.054451,63.71554182,0.029448841,0.909744878
AUSA-M.TA,1337.095953,25.9189972,6.108131389,0.704470404
AUIS.TA,4428.390265,55.73002264,0.105085167,0.820220979
AMX.TA,5.551214171,1.212802799,0.052453198,0.672019669
AVER.TA,299.7372217,13.37525863,0.013328486,0.984015032
AVGD.TA,43070.5934,162.8423366,0.068115643,0.647242302
AVGL.TA,1.696999655,1.020106466,0.007231131,0.984937799
AVIA.TA,13082.95713,39.81422585,0.410136109,0.672523576
AVIV.TA,254.2717008,12.55723792,0.006560184,0.995374497
AVRT.TA,355.611639,9.51640821,14.45994751,-0.182183925
AILN.TA,256.8273318,12.1676917,0.270736843,-5.577148246
AYAL.TA,46201.32695,134.9477889,0.034724025,0.926692547
AZRM.TA,284.0835789,12.71502443,0.00627296,0.99170991
AZRG.TA,30177.97372,111.4223745,0.003964632,0.992610719
BCOM.TA,1228.928605,29.47630275,0.017295383,0.988106617
BKFR.TA,998.5829875,30.03723312,0.020769846,0.775305628
BVGG.TA,11.12491607,2.530850447,0.002926513,0.994029638
BRAN.TA,12444.3126,95.79688691,0.065682445,0.337127475
BRKT.TA,1.464231714,0.881201849,0.004350587,0.993634661
BVC.TA,1.127399682,0.841561175,0.009625344,0.980263243
ORL.TA,0.326674373,0.429391729,0.004291171,0.991457151
BHNY.TA,48823.40129,147.505293,0.70576107,-24.54242034
BSEN.TA,58991782.24,5462.035949,0.13616647,0.166548722
BEZQ.TA,9.354782074,2.61721229,0.005066774,0.997334068
BIG.TA,459557.7269,566.849748,0.010854329,0.986151593
BIGT.TA,8.769119926,2.391099348,0.017603306,0.970701397
BKRY.TA,23.1575269,3.786452763,0.011042774,0.910154525
BIOV.TA,716.9716519,22.40870009,0.782756294,-170.5516903
BOLT.TA,2004.905172,43.23266313,0.079391655,0.78097146
BLRX.TA,49.22914357,3.016700138,1.012533835,-0.953554461
BIMT.TA,0.324050834,0.420838034,0.015768343,0.9873035
BIRM.TA,508.7498864,16.50991617,0.014120899,0.990057333
BLRN.TA,317.5582069,13.78698113,0.26296671,-6.563281353
BLITZ-M.TA,11899.31399,72.86945018,0.178252959,0.223552919
BLSR.TA,268136.8798,456.1053609,0.013948294,0.959754415
BOTI.TA,4120.798765,46.50522862,0.010092668,0.991901154
BONS.TA,1.012593475,0.70495549,0.047939471,0.891838343
BCNV-M.TA,1156245.428,650.0492338,0.881713026,0.989871268
BWAY.TA,439.7355999,15.29697475,0.00843789,0.97351598
BRAM.TA,10.39651538,1.727073434,0.011112015,0.945392337
BRND.TA,2.318229679,1.102667828,0.004016421,0.997278013
BRIL.TA,732.5377534,21.15077511,0.010038916,0.993144396
BRMG.TA,856.4894063,18.72484225,0.011757319,0.987918354
BBLS.TA,66.77703843,4.951702863,0.137870812,-3.078847
BLGO.TA,95.84267745,4.247825725,0.005588011,0.916527305
BULL-M.TA,38.57387012,3.87028128,6.744996058,-15.6302383
CISY.TA,309693.0613,268.4725205,0.095970011,0.422494326
CLAB.TA,221.4728486,9.332411587,0.008089754,0.95338239
CAMT.TA,207497.9128,367.3779602,0.012229139,0.973894442
CANF.TA,0.026827772,0.102338613,0.0475149,0.869241772
CNGL.TA,2633.943016,45.66051014,0.041609883,0.612720824
CNTC.TA,2614215.749,762.2314345,1.249646107,-16.95746342
CNZN.TA,2723.937734,47.31144648,4.503934734,-0.166312428
CPTP.TA,2.501464702,0.783968879,0.280297332,0.98004134
CRSM.TA,2195.662132,23.19458962,0.007897394,0.990612437
CRSR.TA,1857.366407,35.48288646,0.009422463,0.973932343
CRML.TA,863.5347934,25.09360956,0.012059911,0.977108919
CRMT.TA,974.127488,18.45847615,0.270417544,0.988039588
CAST.TA,19145.30285,98.17923528,0.009460078,0.992291837
CEL.TA,299.0617493,11.31335686,0.005022654,0.997417468
CILO.TA,1331013.691,925.006453,2.966226423,-65.72367395
CION.TA,1.769148464,1.121427932,0.032477089,-2910.601756
CPIA.TA,0.467306027,0.551694936,0.011917048,0.911356906
CTPL1.TA,187935184.8,10724.10606,12.95383032,-0.048799051
CTPL5.TA,2315288970,32937.75644,1.931388077,-0.0556309
CBI.TA,0.670875878,0.672822545,0.018590575,0.820456272
CLIS.TA,2963.109149,37.0902665,0.004367057,0.998635366
CFX.TA,5.769896621,1.899704608,0.004947984,0.990045987
CDEV.TA,681218.5843,522.9845735,0.032138626,0.881815121
CGEN.TA,410.9369703,12.73873067,0.019792293,0.960928223
CMDR.TA,60578.86735,192.0574133,0.005507615,0.997589734
CNTL-M.TA,120.5078611,7.633370105,3.083030874,0.868809966
CMCT.TA,118254031.2,8721.253943,22.97134779,-243.3880961
DANH.TA,28331.6345,99.51421547,0.04263251,-2.145065516
DANE.TA,102304.2207,260.9976017,0.006588245,0.992921428
DNYA.TA,108300.4895,269.7072272,0.022575243,0.905587632
DLEA.TA,2666.942863,44.27724888,0.015557669,0.984072284
DLEKG.TA,698717.0194,662.1809939,0.013155673,0.980839867
DLTI.TA,6570.32555,43.77505476,0.00633214,0.966226784
DELG.TA,28582.51366,122.5211192,0.006520053,0.99022944
DIMRI.TA,1663554.256,594.3438111,0.017263451,0.532109649
DIPL.TA,1320.598402,25.04411394,0.005378708,0.99728332
DIFI.TA,54643.41783,182.2837693,0.003204532,0.997026491
DSCT.TA,3436.523296,43.73526201,0.016630574,0.955583716
DISI.TA,46.35958077,5.730856237,0.012922472,0.988496882
DNA.TA,0.991626167,0.891481081,0.009623636,0.99329541
DRAL.TA,7252.124403,64.43461906,0.006595714,0.995612891
DORL.TA,39.85754282,4.710573552,0.003453547,0.994620171
DRSH.TA,1730.066316,33.22620984,0.020015757,0.794447942
DUNI.TA,435990.3173,562.8986046,0.021862479,0.940553079
ECNR.TA,2199.412615,40.22501733,0.014970006,0.946262029
EFCP.TA,16539.54753,93.17670978,0.057923217,-0.544807433
ELAL.TA,7711.754989,62.6187799,0.065553959,0.697519932
EMITF-M.TA,8.558085451,2.25325103,0.003682887,0.999464719
EMTC-M.TA,1.127062973,0.80911641,0.039974258,0.892828971
ESLT.TA,12147262.48,2347.034248,0.021752557,0.943619411
ELCO.TA,52878.52941,173.3127572,0.012429165,0.990251307
ELDAV-M.TA,4.434961506,1.567763585,0.006057597,0.97900705
ECP.TA,15280.52467,100.5891922,0.011667169,0.995945313
ELCP.TA,46261.40619,49.35419441,0.022216264,0.518632205
ELCRE.TA,563.0201717,19.00349851,0.004182218,0.995043463
ELWS.TA,21511.81292,111.3123155,0.005493509,0.992168905
ELLO.TA,466.6157767,17.38781345,0.002980157,0.987992465
ELMR.TA,254.2711045,11.34211428,0.007723775,0.997370673
ELRN.TA,38.80313884,3.954759736,0.009620958,0.975325623
ELSPC.TA,377.8072201,11.25227183,0.013444889,0.978079004
EMCO.TA,77.15297482,7.308544225,0.008249585,0.988053013
EMDV.TA,851.1388757,22.75718074,0.00857436,0.992167568
ENDY.TA,472.8624855,5.856665115,1.037449674,0.857876349
ENOG.TA,452.7360329,15.66694902,0.003378039,0.987726505
ENRG.TA,18.13892089,3.622118514,0.003027235,0.996572645
ENLT.TA,578.01908,19.76316899,0.003256728,0.982354481
ENLV.TA,452.760199,15.86229717,0.035585431,0.910542858
EPIT.TA,587.3362209,12.11526152,0.012033449,0.833513354
EQTL.TA,38202.36707,155.2184615,0.010532939,0.974829154
EFNC-M.TA,4812.062415,60.68133534,0.253214476,-0.441434933
BCUR.TA,0.938721947,0.606770978,0.027712984,0.803438556
ETGA.TA,413.4011673,12.58259634,0.007028953,0.990236003
EVGN.TA,40114.34751,52.64657305,0.072570588,0.005146803
EXPO.TA,310979.4872,423.8814789,0.062792097,0.625499874
FTAL.TA,49387.62694,164.983323,0.003346719,0.997651905
FEAT.TA,94.95246068,7.801263563,0.746213566,0.966691959
FIBI.TA,42497.42492,157.8564857,0.008659377,0.981953745
FIBIH.TA,149528.5549,288.6939998,0.014575937,0.946634521
FGAS.TA,119.9390627,9.916312412,0.008776915,0.950893474
FLYS.TA,45.6835832,2.951725275,1.282869475,0.718569494
FBRT.TA,22157.85905,81.81472634,0.005438833,0.990000756
FRSX.TA,18.86914971,3.737171619,0.332756815,-0.049185171
FORTY.TA,11129.76515,75.38963591,0.002379503,0.997275557
FOX.TA,39492.01432,156.3388967,0.005203145,0.985746636
FRDN.TA,3244.086165,43.19376165,0.008565056,0.990489643
GOSS.TA,7.028796917,1.902219344,0.004053428,0.994737236
GCT.TA,139.327104,8.885571747,0.006568348,0.983052074
GPGB-M.TA,244221.7459,401.6718268,16.15356017,0.584578256
GLTC.TA,909.8146737,10.86788136,1.838630827,0.637677564
GMLA.TA,11763.58223,56.73347375,6.021027835,0.782173677
GSFI.TA,9865.937017,84.39911425,0.023885518,0.871473251
GAGR.TA,52.29356598,5.512288723,0.014821478,0.989248414
GAON-M.TA,299023.2416,475.2903946,0.203455887,-0.684499079
GVYM.TA,208.7885939,12.12610597,0.004084333,0.976545761
GEFR.TA,0.222140402,0.376431877,0.005579011,0.979939345
GNCL.TA,245.8925163,6.644071525,0.113538159,-4.248407372
GNRS.TA,0.53404024,0.659659297,0.008671769,0.989964425
GFC-M.TA,1749.444056,38.41804427,1.260342293,0.994210895
GIBUI.TA,0.40708774,0.547529563,0.381978544,0.468920495
GILT.TA,491.0191526,18.12560093,0.007975496,0.994515323
GLTL.TA,0.360075858,0.442713946,0.006236876,0.994416135
GNGR.TA,155.4790198,7.054509578,0.00749012,0.832014314
GIVO.TA,0.979115406,0.770362079,0.034557166,0.677034161
GIX.TA,1.476605125,0.890088138,0.052412823,0.888763682
GKL.TA,1.05526031,0.554624364,0.007172901,0.984209129
GLEN-M.TA,8.58E-05,0.006448808,0.206981921,-0.683177852
GLRS.TA,959352.2841,680.150463,0.012876955,0.908235376
GOTO.TA,3116.226448,21.38989743,0.053288491,-8.081605702
GRIN.TA,1706.327097,32.91176967,0.024402373,0.954400014
GOLD.TA,53905.21791,154.3895222,0.00880464,0.989900117
GOHO.TA,4691.231025,51.03606851,0.022415018,0.870222662
GOLF.TA,18.57315287,3.229266568,0.00507396,0.996242675
GRAC.TA,2188.389155,39.20674122,0.024168137,0.454720384
G107.TA,21.51988472,2.629139876,0.048170082,0.254969419
GUID.TA,1119.687953,18.16298558,1.176241519,0.980396111
HDST-M.TA,207.9516811,7.279826193,0.165480317,-1.149970647
HGG.TA,351.4492703,14.76053941,0.006598466,0.997618575
HGGE.TA,193.2200997,9.723780398,0.014035949,0.942849921
HMAM.TA,12.90657732,2.186304566,0.005568269,0.953678102
MSBI.TA,1.095381534,0.674703639,0.005382458,0.991983472
HAMAT.TA,577.0985191,16.7636949,0.010200348,0.990176805
HARL.TA,97197.32374,200.3932709,0.034860161,0.896636307
HICN.TA,14128.49221,57.47031499,1.196344833,-12.94665115
HLAN.TA,58975.01074,211.1091663,0.009509281,0.971686211
HIPR.TA,686.7147505,24.64550753,0.013401565,0.943372795
HRON.TA,9447305.896,2165.045675,0.009090699,0.965214979
HIVE.TA,0.047163313,0.186557235,0.191364823,-0.824171397
HOD.TA,1097.516208,25.94762707,0.005616724,0.997241947
HLMS.TA,115.914929,8.365538311,0.013718265,0.96165683
HMGS.TA,17883.05145,66.6935196,0.413232427,-3.133515606
HUMX.TA,45.08862747,5.096352675,0.157436776,-2.732772734
IARG.TA,51.94899593,5.419256863,0.065876633,0.431931993
ICL.TA,112.3418127,8.014728199,0.004451315,0.998329848
ICON.TA,211.2000999,13.65225967,0.030696928,-0.370383752
IDNT.TA,2026.893495,31.18007755,0.082957593,0.873114933
IDIN.TA,114534.8778,233.6489569,0.015281929,0.956425854
IDMO.TA,606.4012115,11.55229391,0.028503435,0.41591296
IES.TA,30088.99432,142.6004957,0.005939329,0.994521279
INTO.TA,5915.901414,58.68705706,0.125408498,0.909309647
ILDR.TA,65.55699668,5.071605526,0.00646183,0.971053213
ILX.TA,2128.392892,31.77063086,0.004440878,0.99421276
ISI.TA,140.6124761,10.07288631,0.007335016,0.977396947
IMCO.TA,15585.54288,92.79336478,0.024309877,0.929336184
IMED.TA,308020.5036,357.1434536,8.427502255,-1746.976612
INRM.TA,57.18363294,5.729974345,0.003526822,0.998790285
ININ.TA,84.93952105,5.274709603,0.020666894,0.574332944
INCR.TA,53.02820711,4.358860424,0.007427163,0.988746759
INTR.TA,68782.21042,199.2272936,0.030369328,0.201958197
IGLD.TA,774108399.4,13396.46257,26.12361379,-105619.102
ISCN.TA,603.6844322,21.74043748,0.014580065,0.946865874
ILDC.TA,117.9032586,8.677799587,0.002537972,0.997244456
ISOP.TA,3.02008826,0.810193888,0.007928762,0.991505939
ISHI.TA,7380.939943,57.19870707,0.005536135,0.998275978
ISRG.TA,5.389937062,2.028680929,0.009690029,0.907574444
ISRA.TA,28.71240709,4.750144008,0.024070538,0.935235584
ISRS.TA,145062.8212,310.9470223,0.003727842,0.996497281
ISRO.TA,8360.438533,66.6531339,0.008065236,0.973658756
ISTA.TA,8238.52059,72.71667256,0.007986278,0.988433422
JCFN.TA,2118.316854,23.59413189,0.010086155,0.897712563
JBNK.TA,884.3843421,22.26473293,0.012909015,0.985145608
JNGO.TA,1369.246342,32.90342759,0.091772043,-3.644665946
KDST.TA,2701.937351,30.0495827,0.024798543,0.984353137
KAFR.TA,489.7358518,16.3891094,0.005727288,0.995396537
KMDA.TA,307.58458,12.6683378,0.005203756,0.995589638
KRDI.TA,36.51389482,5.208910024,0.016363994,0.977060521
KARE.TA,75.35251308,3.219276814,0.005733006,0.98191563
KEN.TA,3754.611231,46.86103451,0.004224629,0.99243154
KRUR.TA,1422.398307,25.4417109,0.00336477,0.997194674
KSTN.TA,37.43553404,4.460293288,0.006516751,0.987626483
KLIL.TA,10528.49875,78.01577681,0.003309591,0.998814617
KNFM.TA,2340.773571,39.37008147,0.025596014,0.939708381
LHIS.TA,24880.93808,131.4054612,0.187582809,0.779405144
LAHAV.TA,39.07010535,5.263530467,0.010527957,0.992844921
LPHL.TA,0.87498935,0.706216863,0.006394984,0.90147287
LSCO.TA,8.988848335,2.007510989,0.005508096,0.995701214
LUMI.TA,11193.26178,86.92762252,0.019488377,0.95114475
LEOF.TA,73.80234947,5.078603433,0.014972776,0.9862527
LEVI.TA,132406.3649,275.0155777,0.007317856,0.996861056
LVPR.TA,294609.3433,125.4597262,0.764886535,0.860197414
LBRA.TA,954.066006,24.08573776,0.022418991,0.757003936
LCTX.TA,30.69871484,3.646667062,0.01575621,0.991645997
LPSN.TA,4257.159122,46.47820728,0.111014622,0.235487033
LODZ.TA,61968.55921,234.4497229,0.133591969,0.847149384
LUDN.TA,321.4496672,13.78057535,0.006617751,0.995573874
LUZN.TA,9.387334189,1.966139819,0.007068901,0.962577621
LURO.TA,4182.855681,56.83117805,0.025400599,-2.731327714
MGIC.TA,1823.675725,21.76821506,0.004893962,0.958119896
MLTM.TA,23809.47207,128.038067,0.015263649,0.988573268
MSLA.TA,71.63078746,5.859570439,0.004489449,0.894855863
MSVT.TA,1745.200453,16.35667747,0.137717178,-4.27315952
MTLF.TA,11.42272191,2.779919663,0.007615381,0.963750996
MTRX.TA,3504.208743,51.04678446,0.005961202,0.994028237
MAXO.TA,300.1911225,15.023128,0.012116482,0.978530796
MTRN.TA,80801.09036,78.1825284,0.085946779,-7.477789287
MDPR.TA,7.388530587,1.73044189,0.00284125,0.99815131
MPRS.TA,188.1777303,8.013866756,1.016612338,0.728341332
MDTR.TA,166.2668382,9.122893893,0.008584753,0.992667477
MGOR.TA,11401.00707,89.39799365,0.007921444,0.990020537
MEDN.TA,29036.21235,133.7477902,0.007270988,0.993494144
MLSR.TA,435081.8542,555.9554496,0.017201109,0.908410061
MNIN.TA,538.6119506,20.21364482,0.014931606,0.990446823
MNIF.TA,3471.66968,46.1810498,0.025658338,0.842979867
MNRT.TA,0.233790924,0.340461076,0.001726946,0.998450748
MMHD.TA,191064.8769,310.2473304,0.019719995,0.968513615
CMER.TA,689545.8746,631.372893,0.189355882,-0.10799412
MRHL.TA,40.73151667,3.714243609,0.585574432,0.742479992
MSKE.TA,15.11491224,2.880206149,0.011241206,0.993193512
MGRT.TA,57.63638138,6.431136318,0.010824974,0.995022745
MIA.TA,32.80139271,2.765279972,0.04759813,0.953085826
MCLL.TA,832.5994077,22.15569591,0.020628264,0.937791359
MCMN.TA,29700.4045,135.676696,0.005561484,0.996495214
MCRNT.TA,127.9588284,5.17324938,0.020657501,0.959115612
MGDL.TA,381.7199549,15.99985739,0.022655423,0.959493625
MIFT.TA,911.768459,19.51757574,0.103080076,-13.13267963
MLD.TA,1.37E-05,0.002856604,0.112487114,0.538181674
MSHR.TA,12.99361197,2.977559492,0.004118083,0.979790511
MVNE.TA,19.04746742,3.654930601,0.003451247,0.996403894
MISH.TA,1409953.501,656.6790245,0.030942837,0.801142054
MZTF.TA,104853.6282,282.4151795,0.017125702,0.919639384
MLRN.TA,68.32945702,6.780019331,0.008749689,0.987318257
MDIN.TA,10.07797469,2.491149393,0.015514833,0.964929255
MRG.TA,375.6763041,16.86675762,0.014167652,0.977133595
MYDS.TA,1.611810709,0.763387653,0.214863352,0.977671858
NFTA.TA,1236.39348,19.24982226,0.008092115,0.94418369
NVPT.TA,290690.001,382.8950042,0.046676989,0.833782566
NAWI.TA,55501.19985,167.1191774,0.038767451,0.872922551
NYAX.TA,24194.68118,116.141454,0.009312563,0.989805328
NTGR.TA,289.4045107,12.90682803,0.008954371,0.991838996
NTNB.TA,34.46494276,4.736681892,0.017864842,0.614663835
NTO.TA,17645.64424,89.27551774,0.008058538,0.997902019
NTML.TA,14803.81488,104.7693437,0.012483544,0.985115388
NWMD.TA,609.75117,20.30304845,0.01645288,0.9664453
NXSN.TA,150868.5416,251.5975504,0.034348464,0.893568754
NXTG.TA,8.378982373,1.755667577,0.021351916,0.954544859
NXTM.TA,89.93959062,6.543027356,0.008096941,0.995012919
NXFR.TA,69602.63818,200.1992729,1.310150727,-117.6593669
NXGN.TA,28.14037286,3.530560766,0.052161259,-0.002766432
NICE.TA,222257.1881,372.0999728,0.006136362,0.989817515
NISA.TA,347.5030161,11.72627286,0.008862923,0.980479161
NOFR.TA,122.4048467,8.310717293,0.000945419,0.998354212
NSTR.TA,1072.784584,29.02989711,0.023206768,0.9537931
NVMI.TA,8552636.904,1208.622829,0.014774807,0.886474726
NVLG.TA,1.707272651,0.996976888,0.005951622,0.99158901
NRGN.TA,154.1239085,9.709358324,0.030541714,0.864210199
NURI.TA,14321.21235,67.45248618,0.101164165,-2.209456461
ORTC.TA,2313.426785,36.15547096,0.042701159,0.856384592
ONE.TA,14376.06128,100.2019044,0.015195865,0.977148931
OPAL.TA,11.3699474,2.897235314,0.013377708,0.987169161
OPCE.TA,188.9441158,9.509115411,0.003141309,0.991324338
OPK.TA,209.732715,6.804834355,0.012092597,0.851483056
ORAD.TA,1.120182585,0.976522864,0.014516616,0.970525392
ORMP.TA,320.7555141,13.54151829,0.01568689,0.851435286
ORBI.TA,12758.70032,81.28083697,0.026177456,0.923881166
ORIN.TA,1087.597656,20.47269324,0.009056957,0.981822059
ORA.TA,38014.58537,168.8941396,0.00655916,0.994409169
ORON.TA,85.76783474,6.179977725,0.006019245,0.994210491
OVRS.TA,1.82775482,0.798966474,0.002089322,0.998753929
PLRM.TA,271930.5596,400.0649909,0.044462704,0.831187791
PRKM.TA,62.08489178,4.328062996,0.007685609,0.801615402
PTNR.TA,438.5644686,14.56800482,0.006471571,0.997962159
PMNT.TA,19.01383693,3.274144205,0.008358099,0.993153486
PAYT.TA,2590.990131,38.51455562,0.005594251,0.972984497
PAZ.TA,2161007.612,1038.741762,0.020563938,0.925054912
PCBT.TA,2619.466926,41.17909737,0.050593011,0.737873289
PEN.TA,1.924762162,1.147324153,0.005771647,0.996730156
PERI.TA,16846.60908,68.88018613,0.021702564,0.299304872
PTCH.TA,5.86387612,2.052090299,0.009967002,0.980885377
PTX.TA,223.3353787,7.179595266,0.123026811,0.771518143
PHOE.TA,177630.9072,279.5614636,0.045401487,0.801837075
PHTM.TA,760.5725971,20.01930246,0.006724607,0.962990274
PLNT.TA,10000.05492,54.51527279,0.234835947,-3.294526323
PLSN.TA,9597.193135,85.83944446,0.005080427,0.998799377
PLCR.TA,1244.012279,20.18870597,1.073778424,0.920028183
PPIL.TA,1023.539864,22.51792208,0.81308074,0.978318587
PLAZ-L.TA,112.0405263,6.701899714,0.472636337,0.975323445
PLUR.TA,97823.04715,297.7397508,0.177461865,-3.660194028
POLI.TA,12870.15459,92.3135767,0.020295282,0.939905192
POLY.TA,24210.14636,113.7586439,0.023354931,0.886223227
POLP.TA,95.21890269,8.600828929,0.006919711,0.98000515
PMVM.TA,687.4745793,16.28330856,0.080433775,0.454089846
PRSK.TA,31410.68817,150.4812825,0.013981923,0.968834652
PRIM.TA,2607.194318,30.28997439,0.025651209,0.970202818
PRMG.TA,615.2488514,17.13866434,0.011545139,0.838987341
PRTC.TA,42784.66943,152.1462954,0.00890556,0.982117464
PRPD.TA,123.9680042,8.33585414,0.004146901,0.943433117
PTBL.TA,53419.15459,198.8365306,0.007723671,0.982230521
PULS.TA,4462.073828,26.95130031,0.060917226,0.470244526
PPBT.TA,658.9386738,9.018205735,1.086880195,-105.8001883
QLTU.TA,11505985.03,2362.540524,0.0906171,0.52254006
QNCO.TA,164.6234028,7.436601236,0.013817453,0.983491051
QLRD.TA,1487.108889,23.72861375,0.006540919,0.975057009
RLCO.TA,7362.152743,72.21591799,0.014892981,0.986710762
RMN.TA,82.0902177,6.647676429,0.004597817,0.996193929
RMLI.TA,18152.91909,118.2709872,0.004846341,0.996143779
RANI.TA,9.107433707,2.387717703,0.006014636,0.998546799
RPAC.TA,490.8178533,15.82633962,0.004742772,0.998077437
RATI.TA,164.26225,9.876382907,0.025502789,0.920133586
RTPT.TA,1.781196381,1.217308245,0.039819409,0.909301066
BRIH.TA,0.96822214,0.747838999,0.00838064,0.98238994
RAVD.TA,10.7170288,2.758587177,0.003494065,0.994584201
RVL.TA,865.1358189,6.444747789,0.03224059,0.056351924
RAYG-M.TA,403.7738921,16.50679135,0.234539541,0.41100185
RZR.TA,1788.446345,41.66908709,0.079094641,0.352691827
RIT1.TA,23.46103778,3.936586839,0.002223873,0.999415404
AZRT.TA,56.7339847,5.459588842,0.012161366,0.988324193
REKA.TA,149.2220827,7.934170925,0.005641974,0.919537194
RTMD-L.TA,152.62357,7.910617888,0.339796157,0.398997442
RTLS.TA,6730.721863,61.87215748,0.007701745,0.985121308
RMON.TA,1461.652666,30.38268391,0.00651575,0.984059016
RIMO.TA,425.5398263,16.50273859,0.003355919,0.995429776
ROBO.TA,96.19079513,5.498103956,0.044148312,0.871976847
RTEN.TA,144.8211828,5.33010879,0.025515433,0.849159648
ROTS.TA,32976.54489,132.4370497,0.019536062,0.974476376
RSEL.TA,40933.06637,101.6201991,0.068475305,0.681990043
SRAC.TA,1111.524251,28.86542484,0.007220108,0.997947002
SANO1.TA,69072.98282,237.3166299,0.006997406,0.988912937
SPNS.TA,12141.44369,48.4932288,0.004447758,0.996379798
SRFT.TA,12300.94932,96.09913381,0.022710673,0.913412214
SARN.TA,0.32432937,0.416396661,0.006753603,0.94152152
SVRE.TA,5429.880272,43.9663483,16.60373985,-383.3563569
SVRT.TA,13336.73032,42.46910562,0.112594379,-2.871724945
SHNP.TA,277.4267683,12.15845374,0.007465775,0.995299098
SCDX.TA,14.31922212,3.157419089,0.008926257,0.987535702
SCOP.TA,5660.377739,57.20432124,0.004258923,0.998316269
SEMG.TA,29.01457286,4.403287863,0.015392288,0.98682984
SLARL.TA,196.1316337,12.30371163,0.013520593,0.979344453
SHGR.TA,1836.721667,40.01301912,0.031613398,0.954720904
SHMM.TA,27.49452689,3.464516477,0.023999975,0.900126666
SHAN.TA,44.70342282,5.300662268,0.011085788,0.992883393
SPEN.TA,316.4860597,15.5317194,0.005987848,0.995885186
SMNR.TA,394.2262425,16.05328744,0.009868396,0.99296262
SBEN.TA,3.316653709,1.432320214,0.005778213,0.981397217
SKBN.TA,96.21172208,7.465626073,0.006603978,0.997513773
SHOM.TA,51.86935977,6.142938927,0.008034227,0.99730301
SAE.TA,11166.42505,88.78641575,0.023952352,0.783716188
SKLN.TA,780.4251562,26.31402342,0.013784966,0.960335773
SLRM.TA,674.2675886,15.83462732,0.024980925,0.973283399
SMAG.TA,12712.22711,39.05279375,9.727216488,0.083639251
SOFW.TA,324.3512421,15.42038321,0.00915168,0.975778569
SOLR.TA,130.7639833,8.900767527,0.002492115,0.995665825
SONO.TA,347.9365832,15.86039131,0.213758152,-0.736792977
SCC.TA,50.44266003,3.504140335,0.083234137,-0.004225926
SPDV.TA,2101.507686,14.17656143,1.200365673,-0.001062592
SPRG.TA,3287.772405,54.57468542,0.390870602,0.860374151
SPNTC.TA,64.5224478,5.900200239,0.0142762,0.907153007
STG.TA,73157.39975,170.5328097,0.031310691,0.861771511
STRG.TA,376.1796393,9.620516503,0.231128776,-4.462389931
STRS.TA,11394.08269,95.40277476,0.01351367,0.978506191
STRW.TA,28347.31485,112.9574933,0.025297062,0.055611458
SFRN.TA,9.457130158,2.000015648,0.002783866,0.996263982
SMT.TA,1482.213093,29.73812015,0.005235109,0.981348935
SNFL.TA,228.9659312,14.37448767,0.025873374,0.88844386
SNCM.TA,1.527963251,0.694078559,0.005599909,0.993163796
STEC.TA,290.6341529,6.882209865,0.137939154,0.978496084
SNEL.TA,589.343868,16.75053615,0.010748155,0.97071239
TDRN.TA,54564.63641,188.7750729,0.007857844,0.995378302
TMRP.TA,10472.87532,63.87506474,0.022496449,0.942657045
TRA.TA,5.08349072,1.249911549,0.031121559,0.957506687
TATT.TA,1798868.255,1099.53888,0.115788096,0.175705457
TAYA.TA,331.3672731,14.58244429,0.002353982,0.994913578
TNPV.TA,410.2916174,12.23527906,0.009976278,0.991360261
TECT.TA,43.37741101,5.011363005,0.011521247,0.981544608
TEDE.TA,7387.913847,55.94582706,3.298200224,0.662959729
TFRLF.TA,4549.93597,44.07559812,0.013365121,0.951099661
TLSY.TA,12432.66854,70.09631948,0.003999422,0.979330361
TRLT.TA,134.612761,7.849475556,0.009004555,0.988333772
TRX.TA,93.21445223,8.380396891,0.017125772,0.930920552
TUZA.TA,31.74025108,1.628794826,1.855220618,0.269430204
TEVA.TA,76779.19099,182.0027709,0.026078479,0.863155605
TGI.TA,4.744030743,1.572366939,0.007943337,0.990554865
ILCO.TA,617551.3832,676.9501431,0.007309187,0.995733824
TMIS.TA,998.0839842,15.87744528,0.013670197,0.980133916
THES.TA,32.22838767,4.602134437,0.009698278,0.996890144
TIGBUR.TA,17570.03485,119.6464574,0.021114665,0.929143229
TIGI.TA,144.5570006,8.292150428,0.010104253,0.982613587
TKUN.TA,10.01871339,2.173663421,0.059431416,-0.217307903
TTAM.TA,10.07010672,2.690515643,0.004133419,0.996322683
TGTR.TA,405.7070519,16.90811046,0.039631497,0.803347442
TOEN.TA,5329.381814,44.42080017,0.020582484,0.948968673
TNDO.TA,121.2436374,3.425676669,0.007829827,0.78462717
TOPS.TA,73.92129706,5.958294563,0.005681738,0.996635949
TSEM.TA,159920.227,300.4770565,0.017338699,0.914817536
TRAN.TA,32.79683102,2.610233487,0.025704372,0.719122243
TSG.TA,41877.4486,147.9587075,0.00892905,-0.707180822
TURB.TA,803.8497563,25.58266469,0.02902369,0.909212673
TRPZ.TA,639.1197601,19.14741985,0.00807468,0.994171293
UMH.TA,4993537.944,2057.841466,6.916927175,0.317479989
UNTC.TA,181.9780615,9.555190435,0.16571582,0.707278361
UNCT.TA,54894.06727,51.75171805,38.93940501,-3052.313331
UNIT.TA,2040.644292,38.71283092,0.014024938,0.928881671
UPSL.TA,1606.226744,25.88987495,3.224477672,-1.010787155
UTRN.TA,47.27018098,4.93404874,0.008373622,0.99808477
VRDS.TA,4003.240551,60.01514871,0.024479604,0.50854138
VCTR.TA,8389.879822,82.29234676,0.015417214,0.939265753
VILR.TA,11674.07968,74.24794876,0.004407676,0.991785232
VISN.TA,39504.34494,142.6292248,0.37010733,0.992625031
VTNA.TA,1435.080522,33.64352629,0.013826319,0.961769334
WATR.TA,320.9669719,13.62173984,0.258325993,-0.812063753
WESR.TA,65.52699641,6.456532352,0.01364888,0.968695062
WILK.TA,3.756121009,1.650137254,0.058914171,0.966231113
WLFD.TA,667.7994104,20.2102535,0.007980033,0.995745218
WILC.TA,2051.302396,30.61372654,0.005776231,0.996193619
WNBZ.TA,5.270645272,1.61542444,0.073297543,0.662713632
XTLB.TA,0.094079828,0.248440852,0.039573691,0.942265574
YBRD.TA,239048.8002,244.2887181,5.293378658,-0.370117518
YAAC.TA,55.50924196,2.902376357,4.809027838,0.831086305
YBOX.TA,5.407033813,1.770016768,0.014847279,0.992496928
YHNF.TA,9938.035613,67.68119656,0.002881018,0.993902089
ZNKL.TA,23686.75886,121.9671531,0.028838292,0.725785741
ZPRS.TA,3818.417198,50.89146329,0.036163576,0.455757993
ZMH.TA,1978.690289,37.72023549,0.010114306,0.991620964
ZOOZ.TA,1037.885245,26.38586976,0.035138955,0.949941387
ZUR.TA,18.57178048,3.039554349,0.003750562,0.998664671
