Ticker,MSE,MAE,MAPE,R2
ABRA.TA,13.32306828152596,2.8681336710275698,0.0099861307264306,0.9645524849248336
ACCL.TA,36.22384464175562,5.485415308928687,0.0450276902406836,0.8533857712363246
ACKR.TA,584.8431573698384,13.841583251953123,0.0180118241884917,0.9605283405276372
ACRO.TA,3989.065203520305,52.10267908432905,0.0098209169291268,0.9839322981420504
ADGR.TA,68.57802165308121,6.128919617203642,0.0124181351739768,0.967328448431672
ARDM.TA,5.151389174737361,1.865215995094993,0.0311982336549509,0.986180244922421
AFHL.TA,98384.96424921682,195.2968830707645,0.0151884127479894,0.9851756200581848
AFPR.TA,25006.80976829056,142.7008893982438,0.0084981724905332,0.8815862970281744
AFRE.TA,96344.95013096707,230.9981760072314,0.0088574499218648,0.9794962408313111
ARPT.TA,502.0797230350085,16.32814921229339,0.0028583818372107,0.9930350418466638
ARTS.TA,11.220212324776224,2.352408574975055,0.0676685456534086,0.7216599265524225
ALAR.TA,44659.05493603872,205.74379686087616,0.4026803015895248,0.4713324330023259
ALBA.TA,9047.328765995862,73.63471820925878,0.0457603773231035,0.8358041877686531
ALMD.TA,0.1194520942973055,0.2837919913047601,0.0078579818757917,0.9854733852394768
ALLT.TA,3119.2763039878887,32.81923253083032,0.0240988005589812,0.963649340010975
ALMY.TA,29616.68245842509,127.10687855156984,5.852532366557084,0.8274813219637747
AMDA.TA,5.7574669281269,1.9927714029947892,0.0121173299339436,0.9659395646960424
ALMA.TA,127.7388004867076,9.577676029528602,0.0111199571574698,0.9925577614468132
ALHE.TA,1827.9752644797984,37.26972696603822,0.013204935288791,0.9513334810072804
ALRPR.TA,9362.533029501104,70.46774115444215,0.004658018819754,0.9971301407424734
ALUMA.TA,20.57177821609531,4.271201883951823,0.1201414729141547,0.0275190334048316
AMAN.TA,39.12481894658124,4.91161201413998,0.0031104855529652,0.9827965562602756
AMD.TA,107.66127618351652,9.4107507776331,0.0103528148706708,0.7729840231342413
AMRK.TA,5339.0753074712,66.67563395854856,0.024374953672913,0.8955132583993962
AMOT.TA,1334.8131911535402,30.35150600464876,0.0164043642975824,0.967212732692952
AMRM.TA,103826.01290608828,272.23277869591345,0.0770276605691942,-1.4468322479369995
ANGL.TA,714.9301766708862,21.19534074767562,0.006299566414194,0.9931628896397504
APLP.TA,1706.568941055095,32.953553885467784,0.0860149839062955,0.8459481028032673
AQUA.TA,2254.895304160667,44.259659044670336,0.3096879263713621,-3.532709355825604
ARD.TA,1381.1317426449011,29.71878631844008,0.0059451220955011,0.9711424649513284
ARAN.TA,95.0431422695887,7.245336106986054,0.0037746049231227,0.9774757911115592
ARBE.TA,2115.972609247726,19.25481708233173,0.0253608408129297,0.0557164446272719
ARGO.TA,2388.508298972557,37.27412221623563,0.0039243764552935,0.9885495503167456
ARIN.TA,11.328890846105107,2.902208186378164,0.0136368264128308,0.9057055423776292
ARYT.TA,4063.682223530941,40.896856386799456,0.0642857319576173,0.7857101516340711
ARF.TA,104130.7655391078,256.17918346774195,0.0472388877903255,0.0202703991938816
ASHO.TA,344952.2214231373,448.25221946022725,0.0955979819165023,0.4064421786339918
ASHG.TA,1113.7404197700753,21.492268207644628,0.0040372776050856,0.9976431526858528
ASGR.TA,41.08432723358581,3.719678137913223,0.0064199242842793,0.9899667188248852
AUDC.TA,10441.343521462008,84.26148066244836,0.0233641326738724,0.8920189672395971
AUGN.TA,9546.630151109548,84.42612413138397,0.2528492312142781,0.6945629690410792
AURA.TA,4645.854558472668,52.285732300813535,0.0283872369491645,0.9016359886949892
AUSA-M.TA,11991.927947194206,88.96752277811369,1.230419864962303,-1.5452880685823065
AUIS.TA,59320.15737125924,100.28038212261367,2.6740471437328286,-0.3894565775424965
AMX.TA,2.201270084433664,1.1502059042990749,0.0606069886848886,0.3859278839987476
AVER.TA,2729.795894770306,43.42607129309789,0.0465599142302132,0.822868678274136
AVGD.TA,3275.5677862830203,38.70543591729526,0.0201111429332155,0.9197484745471044
AVGL.TA,6.334787936887438,1.608440493749193,0.0122311671338771,0.9269708057528226
AVIA.TA,13635.946630754794,39.86085866502494,0.5419198691175264,0.5546779352077342
AVIV.TA,1239.316919612737,28.47282977143595,0.0170384903182699,0.985729746819332
AVRT.TA,1214.861397967162,24.610754450946523,0.5013351486818097,-0.90067247115143
AILN.TA,386.0554059462554,15.386095501127697,0.3459104623785166,-22.767956623206963
AYAL.TA,9097.910279184704,74.62573948379391,0.0288103220654638,0.9673436866745134
AZRM.TA,407.1863824268264,15.963985222430267,0.0085327865266032,0.9871111856186592
AZRG.TA,72142.96610751822,170.73547262396696,0.0063428500345275,0.985431771120592
BCOM.TA,151.48083460540315,10.140537230436466,0.0073413934970059,0.9971427521023344
BKFR.TA,1256.5818171039434,23.706061564700704,0.0175796207361906,0.9136522241313384
BVGG.TA,9.398519777334654,2.4330059344951924,0.0033744587630763,0.9970753479788408
BRAN.TA,2981.245306447641,38.429226457580064,0.0270795642224771,0.8755309506062574
BRKT.TA,2.539066600050622,1.210807618640718,0.0068545268288744,0.9931687134905852
BVC.TA,6.585542900463246,2.197287504338036,0.0234626847792767,0.8143460997449132
ORL.TA,0.3402212969597991,0.4700055713495932,0.0050275635325494,0.9643291735645751
BHNY.TA,2766.51855733723,33.51105959553364,0.1408769629360578,0.0654011648245127
BSEN.TA,5164982.306586714,1665.372611053719,0.0582802276026502,0.6463879323521873
BEZQ.TA,3.7876768135658105,1.5236556628518854,0.0033558540494972,0.9978944561727164
BIG.TA,76192.77612670395,181.63562112603304,0.004251000050973,0.9962876923598007
BIGT.TA,20.39050173434889,3.672487839408543,0.0238548246343946,0.9078755280058296
BKRY.TA,23.3048083568092,3.9064088226646505,0.0122794827670126,0.9127355920042988
BIOV.TA,1709.0164720858863,29.09024930591429,1.0993397940436689,-401.4075678203014
BOLT.TA,769.8406263612403,9.090198508964097,0.4220366061180232,0.735177790701466
BLRX.TA,0.5129550889460627,0.5422394531817476,0.0404296443904525,0.9712173866166944
BIMT.TA,0.4673181534909694,0.5169289008430813,0.0222993167711648,0.8060938665342635
BIRM.TA,5723.5286964965535,70.70043524380388,0.070748634676116,0.7046862878233418
BLRN.TA,333.5492308075921,15.176288122418288,0.2735032496263268,-9.233315461587893
BLITZ-M.TA,129734.64759935264,334.3023496355329,1.1742957651714327,-41.69098572009891
BLSR.TA,709868.823482608,628.3449767561983,0.0198479722588018,0.9113302090004478
BOTI.TA,8769.200496345513,74.55791580578513,0.0185326629094598,0.9697625991616295
BONS.TA,0.4054031499292099,0.4951438744862874,0.0421281866789112,0.851003985388781
BCNV-M.TA,2613630.24819455,1153.797442118327,1.1628697459153208,0.9816789586185992
BWAY.TA,423.33970772124025,17.074861384620352,0.010700062236724,0.9934721715498608
BRAM.TA,35.08351766965775,5.105390816680656,0.0329083492621422,0.7478016180891869
BRND.TA,23.38841021896825,4.3851459597753095,0.0177117581829352,0.956634591220286
BRIL.TA,1509.5002616471495,31.64556834323347,0.0180005433438965,0.9889289929345468
BRMG.TA,462.33617140035614,17.02356814549974,0.0129899287108724,0.9848926384582536
BBLS.TA,7.227977512860282,2.1216839195316672,0.0599808514538355,0.1215834649032505
BLGO.TA,92.09067592321884,7.943919507763054,0.0106307768201647,0.9499443496738228
BULL-M.TA,1906.678560090926,30.44982373841545,42.633242801848944,-116.2531421786511
CISY.TA,1457.5097221273545,30.265352446457435,0.02202750819044,0.9494737831608014
CLAB.TA,117.4584430668746,8.523626576299252,0.0078024133392858,0.987106393625466
CAMT.TA,4410299.495457389,1827.494786286157,0.0606215482323699,0.8713103396783661
CANF.TA,0.0549499200769194,0.1580410407594412,0.0554188535618389,0.8982704840470697
CNGL.TA,107116.38393447512,263.8385797316028,0.2409422613765632,-0.6593633981867015
CNTC.TA,2644717.187025824,500.1670524691358,0.2157560917214094,-3.217842267708217
CPTP.TA,1.9313170790258092,0.958265776435534,0.2549204004171176,0.9897295159064664
CRSM.TA,6110.745242594688,57.74304300103306,0.0252103140269318,0.90513155571049
CRSR.TA,2304.4498724269456,37.5492953596444,0.010200916961908,0.9914513931526234
CRML.TA,669.1106133113715,19.84003139527376,0.010175652720015,0.9800002168731992
CRMT.TA,3111.555004122501,42.1494967326645,0.5747231207091127,0.9649130829258928
CAST.TA,12645.208843105096,79.20538481404958,0.0096128315493767,0.9880444083723404
CEL.TA,155.71893130131988,10.211807124870868,0.0058209083787348,0.996283313576674
CILO.TA,1476886.4478393935,1026.820344783058,4.054383771642883,-19.17865897955476
CION.TA,2.9150845598321067,1.3248701597514905,0.0387710063958362,-117.45372237502195
CPIA.TA,1.3818830937433066,0.8964066892056852,0.0184266511862754,0.7262263187937839
CTPL1.TA,570470164.0077906,17676.293836684454,0.6090402467110083,-1.1943882456456252
CTPL5.TA,1861690755.958252,30222.17869104964,0.8896526825720124,-0.0067257005164809
CBI.TA,136.43592699250823,11.512936678799717,0.2972224402247381,-12.724966012551866
CLIS.TA,15079.03201867332,106.09785801911156,0.0156724357676146,0.9843836562137944
CFX.TA,56.64256140732106,4.885846350803848,0.0136435599856576,0.9499268352385644
CDEV.TA,18955.88859655837,106.9307528409091,0.0086328668486625,0.98586239764619
CGEN.TA,1518.707510286157,31.424491440954288,0.0476786558274827,0.5898568910291204
CMDR.TA,310757.1133198068,396.1441599948347,0.012352923245423,0.9875226416373124
CNTL-M.TA,159.17388352354465,6.913362554601721,0.0941233970496201,-3.5192124388461083
CMCT.TA,107782429990.76292,250562.8062207944,9.45236485369306,-14.402126284447894
DANH.TA,16946.672952784986,111.23092071280992,0.046090983821149,-1.8571759409532227
DANE.TA,87323.29893648131,250.5547359245868,0.0070891454565432,0.9948757435107825
DNYA.TA,15951.814749943174,92.8140338400136,0.0090573730325923,0.9929842266933424
DLEA.TA,896.1067505322459,21.821433327414773,0.0090238076843975,0.989892604603302
DLEKG.TA,286517.73345253686,332.8943375516529,0.0077001514418316,0.9684196173234576
DLTI.TA,5475.281922786132,64.27602751358695,0.0099064642672477,0.91474342000081
DELG.TA,36901.34636878179,127.8328141141529,0.007103161665177,0.9824637326850488
DIMRI.TA,176597.60923417145,343.1948443956612,0.0103770057230388,0.9586597482507802
DIPL.TA,2980.051813453436,43.1165771484375,0.0117502806731945,0.9933265446709468
DIFI.TA,269952.9612511044,379.8155505952381,0.006926699738483,0.9586634271022404
DSCT.TA,569.5272248386106,16.35084521080837,0.0071480242116029,0.9859720077118636
DISI.TA,85.55782905535018,7.063344908154701,0.0176592785928191,0.9773477348142432
DNA.TA,0.4134864473365697,0.4991316361860795,0.006312617661373,0.9973241732685896
DRAL.TA,17430.78027676157,119.25905136234503,0.0147354103354896,0.9694388534556132
DORL.TA,82.86614388364171,6.777737958715596,0.0051086648761534,0.9945128700086368
DRSH.TA,904.8600157820262,23.635906512920677,0.01630355106601,0.8426629370429719
DUNI.TA,19209.715341268493,101.17850916838844,0.0045459955523076,0.9980699379842568
ECNR.TA,3629.882333115821,55.93663962490587,0.0244138896903873,0.9597730951454546
EFCP.TA,426.2544967520696,16.714252178485577,0.0107929953503347,-0.2995090241550509
ELAL.TA,1069.6330515491077,25.05650997950026,0.0349235100124218,0.9149384417310716
EMITF-M.TA,48.41569627279512,5.9305438337654905,0.0126327379271601,0.9898260380833102
EMTC-M.TA,2.7306805740822075,1.1374376540960267,0.0673585045865554,0.7098603409576381
ESLT.TA,589810.4799587786,568.2168775826447,0.0070672357680705,0.9930931651882297
ELCO.TA,121854.91970487074,284.4755375129132,0.0232439323732424,0.9487024587983246
ELDAV-M.TA,2.4979580378470323,1.0354565035912298,0.0042658458724501,0.9939019660163044
ELTR.TA,1797021.2627477725,1101.6144111570247,0.0067414688973954,0.9975825632286348
ECP.TA,87146.9459559149,116.86810756714875,0.0143236923270745,0.941386405825934
ELCP.TA,1873.53795868077,32.422432084517055,0.0156174363734471,0.7816700062383912
ELCRE.TA,1668.908023240645,35.49494164837294,0.0085210628145459,0.9898960239228806
ELWS.TA,60164.19986775296,183.8536931818182,0.0100705960311042,0.986505403012514
ELLO.TA,9160.055063872627,84.27763227982955,0.0154704732188083,0.9646139189009224
ELMR.TA,48.43802647341874,5.047282573605372,0.0046128249798655,0.998088859347588
ELRN.TA,99.07197379330096,7.938910366089876,0.0188418820411875,0.9041290389029416
ELSPC.TA,1369.808150143278,26.72548807948089,0.0375832541142924,0.9045884122286084
EMCO.TA,274.3202287603077,13.038435502485797,0.0146972948026588,0.9129361322048188
EMDV.TA,202.69744285965757,11.32960396758781,0.0050542246952837,0.9953617570229392
ENOG.TA,700.1055922330903,18.49341829158058,0.0039294318318102,0.9837063795402134
ENRG.TA,57.59840715695019,6.864419227789257,0.0053591360747695,0.9796711950259528
ENLT.TA,1663.8659038563403,38.41302540676653,0.0064494946994456,0.9279431310598244
ENLV.TA,1053.2961120105892,26.461756642659505,0.0537672035286316,0.6770347567372048
EPIT.TA,7419.5850777902115,29.18591392203553,0.0319871437773605,0.6588360615626232
EQTL.TA,50870.38043155355,180.87192503873968,0.0131462559795235,0.9731849128346088
EFNC-M.TA,4392.745566013345,52.746745539646525,0.1990622588826127,0.3590864065881775
BCUR.TA,4.296837245050572,1.656626003544505,0.0693936410803786,0.7679586411134964
ETGA.TA,109.83362069258165,8.284890818041424,0.0055517131839722,0.9961943079517248
EVGN.TA,33336.47615866997,148.96284497473852,0.1657836735209547,0.8994584446445403
EXPO.TA,134257.66422751325,209.7618963068182,0.0340655355153948,0.7968050490819036
FTAL.TA,3099342.012527466,1153.0996577995868,0.0227169773084575,0.8948982840847001
FEAT.TA,481.059703374874,11.924901947032572,6.4145148755194255,0.8005476868121146
FIBI.TA,184441.67341735936,329.72056592200414,0.0195271243647839,0.8649077721862318
FIBIH.TA,7910.81091182488,72.8959839876033,0.004369167519215,0.994999615500515
FGAS.TA,70.39679990882675,5.709783644903274,0.0052693059188514,0.9716622597860206
FLYS.TA,5.399280245970455,1.6600932651095914,0.0282577152609165,0.890010345031436
FBRT.TA,21637.362747350016,115.48213132747934,0.0084295902335785,0.9742221275615957
FRSX.TA,17.965117996373063,2.1450820442073595,0.1896943757884934,-0.5300116402010766
FORTY.TA,180244.2257936021,330.6374128357438,0.0104440362269795,0.9605962408068196
FOX.TA,157487.86191959222,320.62592006714874,0.0115977738300452,0.9616614146919776
FRDN.TA,8844.515753388898,74.15128446216426,0.0161702767859095,0.9759892483693002
GOSS.TA,2.4523851056929584,1.1337545095396435,0.0024209395900726,0.9954667314835448
GCT.TA,359.8018697645854,15.365424542387656,0.0121392262178047,0.9830553201717434
GPGB-M.TA,1157619.6723715093,867.4775954786553,9.925516028287667,-1.3003222583009868
GMLA.TA,12265.88687376168,57.9052931906163,5.762913574081091,0.7472234304754881
GSFI.TA,39765.74324435538,164.82404926394628,0.0449703366392984,0.7018057211229318
GAGR.TA,61.71401507754941,6.608437782476757,0.0206428784078091,0.9839742875031674
GAON-M.TA,44597.547619654106,131.599334993933,0.6210674007251807,0.9045186025446458
GVYM.TA,521.2665860150471,18.84360069085744,0.0063741295053157,0.9587574212148744
GEFR.TA,0.4554782970233585,0.6039134254140303,0.0097059615714038,0.9936253092822296
GNCL.TA,21.07545674757281,4.012405742298473,0.072906420234364,-0.2695426691630525
GNRS.TA,2.6645340143260303,1.125964895884196,0.0161375086569605,0.964113333776752
GFC-M.TA,1285.7598766704823,22.461101984736896,0.3836051884716583,0.995271224957342
GIBUI.TA,3.730965868461168,1.8480506600702515,1.5203914173563813,-3.867352447799715
GILT.TA,718.1891423569731,21.250667855759296,0.0109402634620701,0.978980122243432
GLTL.TA,1.3842354767265763,0.7116788438529023,0.011089744444314,0.9732442848704864
GNGR.TA,225.2152365865417,11.831874878938534,0.0124199851789734,0.8581296392856537
GIVO.TA,0.7448403981724376,0.705820383119189,0.0301696657633308,0.8908441701031627
GIX.TA,5.07625238035268,1.478092099024244,0.0884524775168326,0.5446050989588556
GKL.TA,2.6417920031490514,1.244888557875452,0.017342789042408,0.970677103852457
GLEN-M.TA,3.491002594623886e-05,0.0032954499935326,0.1023324850857928,0.3151332667186088
GLRS.TA,224717.57517566104,370.86629971590907,0.0081771444191945,0.9676087612612404
GOTO.TA,2936.3393773411435,44.982610774945606,0.1090193964117183,-6.366426301463624
GRIN.TA,180.05496547771617,9.068745422363282,0.0079673462277406,0.992994788545772
GOLD.TA,73073.56726130178,164.2853741606405,0.0109206908300946,0.9670851813360222
GOHO.TA,8340.287237648752,87.62944800006457,0.0404080937587209,0.5516851524179438
GOLF.TA,17.218898382584356,2.9536543917064826,0.0053483819722712,0.9984994382548787
GRAC.TA,5113.132135670745,59.87615781841856,0.0365352972677627,0.3103559916302628
G107.TA,8.5377793247383,2.106712486170515,0.0451602208298808,0.2094573467164423
GUID.TA,4327.658187602111,36.33121288709404,3.4953562960929583,0.922181867840953
HDST-M.TA,0.0224067136838448,0.0766086400556965,0.1937811989646664,-1.6267456710780437
HGG.TA,1004.1515793151352,28.19264208580837,0.0154585225107314,0.980438784525332
HGGE.TA,76.17717000907287,6.950923919677734,0.0129563899514478,0.9889482582794034
HMAM.TA,362.7719778090644,7.333306371119985,0.3647478462652234,0.8862106707847384
MSBI.TA,0.9441812188905272,0.7943789899841813,0.006584907382143,0.9871218413287464
HAMAT.TA,3679.065264144528,55.96984964165806,0.042648921493537,0.9322905892978438
HARL.TA,8149.162604105374,48.20325816761363,0.0107885320088285,0.9739412396829722
HICN.TA,167.02396299573533,10.213189650555046,0.1066302733657583,-0.3552017908155314
HLAN.TA,16502.48151902128,89.13794550619835,0.0042242516976553,0.9870494085178468
HIPR.TA,124.16578621917697,5.821966826026119,0.0035845058346432,0.9814150159712908
HRON.TA,335827538.7035654,3467.2193573250256,0.7940082552608755,0.2388468436044222
HIVE.TA,0.0647555419055808,0.2341052326891158,0.2383015263459557,-1.5045994147211506
HOD.TA,10372.963574521304,69.96820724108987,0.0164114535626556,0.9651002000003338
HLMS.TA,93.16215828930852,7.990221260007748,0.0149949326612582,0.9342666014500476
HMGS.TA,1639.9908532796285,21.14999694012581,0.2098162919689509,0.3709068225485207
HUMX.TA,77.6919859070717,6.421088588481047,0.1762662562061634,0.0461226153298486
IARG.TA,254.808023397639,13.947768664750896,0.1685377291438445,-1.992685256219368
ICL.TA,494.1209472960923,16.191853168582128,0.0098857749589529,0.9506770069397508
ICON.TA,114.18587526014528,9.487972775021117,0.021390755741819,0.7141329827820379
IDNT.TA,1256.2069687189785,32.02910232543945,0.180517813330523,-2.0403984041387777
IDIN.TA,8248.862667446294,71.43745157541322,0.0059140101277227,0.992755179703078
IDMO.TA,3032.397165226956,49.16988461516624,0.1417974729539834,-1.221061769627907
IES.TA,10241.44027435681,78.04214553202479,0.0037146187072099,0.9970897896083512
ILDR.TA,168.67545202851664,10.540429990153669,0.0141981537073802,0.9268345211817528
ILX.TA,12585.611166814142,92.1895540095558,0.0131328368892619,0.96158924608509
ISI.TA,139.3730237827353,9.676066080729166,0.0067945997746852,0.9747219139449952
IMCO.TA,2026.133720431446,35.89848592458678,0.0118231450327898,0.970543502874452
IMED.TA,24793.20826999209,109.66497875814852,41.21638029681561,-13.082134532218658
INRM.TA,169.87266707186365,9.184884063468491,0.0064328732316345,0.9971647510139784
ININ.TA,5.793393714549713,1.8969358333871384,0.0076085001619976,0.969159243064797
INCR.TA,203.42511608352308,11.61738952132296,0.0171391892044546,0.9875777794766006
INTR.TA,108537.59144110804,246.1003752851908,1.686142631736612,0.9816396861406588
IGLD.TA,28943392.908639666,4316.402782780109,8.397728853716096,-1295.4269415122
ISCN.TA,924.0321814212178,27.844574226820765,0.0201902888501019,0.8868374483633035
ILDC.TA,274.18852615307185,13.259239007618802,0.0040981403123152,0.9966889207382604
ISOP.TA,2.2422576121434914,1.300869117348881,0.0175657157059654,0.9351922185514352
ISHI.TA,21962.417471039756,75.83499380258414,0.0101649833674453,0.9889847272139424
ISRG.TA,15.855237810856972,3.5889923095703127,0.0206405892009477,0.9295693943573866
ISRA.TA,14.348631413397571,3.0551769162012525,0.0173525250062979,0.9481336300886176
ISRS.TA,89110.24203970413,237.7190728305785,0.0031254767763809,0.9982640628986869
ISRO.TA,17540.131782441098,114.81291967975208,0.0145990412499531,0.9401386383053996
ISTA.TA,29166.406945565515,138.9808278990186,0.0167619699541883,0.970535991171926
JCFN.TA,226.53205064005817,11.202288727262127,0.0056121601536006,0.9791673563680112
JBNK.TA,1520.8264968849658,22.162568399728823,0.013919563020451,0.9584481030686214
JNGO.TA,7130.48194305453,42.45542399088541,0.1194963839168464,-8.0935994413762
KDST.TA,5760.633300985379,58.20848323096914,0.0635686469358443,0.925557225688034
KAFR.TA,1161.8101346375774,28.740106251614154,0.0113774507506316,0.9870241570206588
KMDA.TA,69.31611411236534,6.424980226627066,0.0030499293284089,0.9909308159603594
KRDI.TA,28.932267708224742,4.515666488773567,0.0168161768795574,0.9793148495439072
KARE.TA,7.523901793613168,2.0858915975271177,0.0042121244548537,0.9959967251934176
KEN.TA,40395.69612197245,153.71795906508265,0.0153409858273337,0.9280863945562264
KRUR.TA,2274.7456881133,35.05194747546488,0.005118678625243,0.9924919165677072
KSTN.TA,46.32025084592576,4.70853157930596,0.0082443237360809,0.9781614649314287
KLIL.TA,45492.37435591516,121.23976627066116,0.0052563752323851,0.9940729252988412
KNFM.TA,654.5326246159875,19.82811592038998,0.01560519488866,0.9702825305571632
LHIS.TA,109145.7223419036,189.52059649619736,1.6752745191805052,0.3971460212294833
LAHAV.TA,37.43226589541113,4.916512481437242,0.0119917435637498,0.9899651531861204
LPHL.TA,1.1302801049541975,0.973512753573331,0.0089326174039103,0.9340849947384884
LSCO.TA,19.958382343996533,3.346123813597624,0.0100502563469296,0.9879484558886638
LUMI.TA,18548.72147724796,95.9580743963068,0.0238675750393315,0.8749833314167272
LEOF.TA,126.36096992171636,8.758426130310559,0.0330764354875676,0.8742501388427475
LEVI.TA,361111.80445764086,511.72564243285126,0.0162957254963857,0.9887809937624682
LBRA.TA,8052.747275864562,62.156876314603366,0.065469222116838,0.6229387278819254
LCTX.TA,40.688970527811534,4.721347173055013,0.0170529922257345,0.989359791804349
LPSN.TA,55679.53293401819,181.05746069033285,0.4616950622471975,-7.62161003562338
LODZ.TA,8034.932091711309,60.36363730559478,0.3134078706268768,0.9846146796865564
LUDN.TA,1747.2943339377396,26.64840925232438,0.0133686769589071,0.959614398841251
LUZN.TA,48.24036462913645,5.412525019369835,0.0202210292557493,0.8973861586931505
LURO.TA,1907.75251590088,37.614349365234375,0.0200981939577087,-2.761434412127429
MGIC.TA,4742.221675185133,62.12498385847108,0.0148756819296263,0.888162683233671
MLTM.TA,14478.676491128512,81.07544954158058,0.011268573955663,0.9864804005010376
MSLA.TA,62.77379220995036,5.815607244318182,0.0044900168314417,0.9381597210347208
MSVT.TA,602.9504261675299,18.455459512690062,0.147172345612142,-0.0299034968141143
MTLF.TA,114.01103637943812,9.584853228400736,0.0254859507393687,0.6590951452761409
MTRX.TA,1729.8108157796307,35.07351659349174,0.004769569646323,0.9949132610029892
MAXO.TA,87.29819093196868,7.280764653132512,0.0068334653402926,0.992766110981198
MTRN.TA,27685.338409297758,149.96778403037837,0.15467585393281,0.5190621772531383
MDPR.TA,19.190616414089465,3.9610681454997416,0.0074046446799518,0.9931056833722024
MPRS.TA,228.53418012646125,10.956516541540624,0.4021616171660429,0.5407586940224389
MDTR.TA,39.04350867753556,5.196451991057593,0.0060115140672669,0.9953150471754532
MGOR.TA,10058.7205961322,73.62788126291322,0.0069469419984239,0.9862205592474498
MEDN.TA,42221.01586464023,180.48420551394628,0.0109898798067915,0.9690757798219738
MLSR.TA,123808.8863559124,255.1742800878099,0.0085617126624575,0.9759745579894604
MNIN.TA,284.7834746530049,13.28422256343621,0.0119715211096546,0.9928547047571358
MNIF.TA,2048.989899412405,35.11663942920919,0.0228781324054432,0.9258441658217788
MNRT.TA,1.6837988413701004,1.1157574614217458,0.0062866302345626,0.9920738293743744
MMHD.TA,504573.05757393327,436.9608890754132,0.0325044994873628,0.8376125147927249
CMER.TA,147455.0827606701,249.8933700687629,0.1058246900237003,0.2963151445044539
MRHL.TA,115.63072529667538,6.76553254876255,2.071418487612379,0.6965471795766074
MSKE.TA,40.82748799346683,4.88447529185902,0.0244601160617986,0.963516416000693
MGRT.TA,231.39336346703283,14.460051985811596,0.032174623233296,0.970057789232776
MIA.TA,1.1083745587354563,0.8144362741265415,0.0323259366936912,0.7898916852472974
MCLL.TA,43.1465812948998,5.04522476196289,0.0068771488876874,0.995734561352444
MCMN.TA,39090.29502050927,135.91213015292553,0.0069238332199966,0.996076200621676
MCRNT.TA,18.820892708493428,3.388101751154119,0.0186219093239467,0.8580808047421881
MGDL.TA,116.8481178620276,8.644838695683756,0.0150544800716228,0.9860996066011832
MIFT.TA,1689.6657660451642,28.999029599703267,0.1476420358758785,-10.987051352808177
MLD.TA,3.219164727634608e-05,0.0044927203358666,0.1960155977291327,-1.081608337045513
MSHR.TA,106.94296067934636,9.255744366606406,0.0130851112401024,0.6281477523716692
MVNE.TA,33.66931137516479,4.731889204545454,0.0048408229665638,0.9946687301043324
MISH.TA,1058966.489867597,866.0058755165289,0.0488925181345049,0.4626760441091586
MZTF.TA,132564.15448915164,254.65774739583333,0.016357480907325,0.8766353791130438
MLRN.TA,53.740796040782,5.154980217058634,0.0079816321928766,0.989278045512228
MDIN.TA,20.899724160047832,3.506322939533834,0.0217611674135097,0.8644772684893164
MRG.TA,2057.619940683916,20.46330293019613,0.0254988944942814,0.9644959147667296
MYDS.TA,3.47554589518862,0.9735724625508648,0.2277545715786268,0.9643250566615884
NFTA.TA,817.6520282261628,20.05791782347624,0.0084414319022689,0.9599062700649598
NVPT.TA,200748.4782130023,331.1036661783854,0.0527474625702662,0.5854833260896326
NAWI.TA,13704.327828303842,66.9992171358471,0.0188918849649005,0.9214692648775826
NYAX.TA,10617.598900378436,73.53400008979885,0.007288042330043,0.9784908835529808
NTGR.TA,446.3638533760201,16.85709299134814,0.0138769794310941,0.9653245302291504
NTNB.TA,48.27683993319913,6.1918833662823936,0.0260494112378985,0.83838659234557
NTO.TA,15216.762027458712,96.62972543259298,0.0115094937130406,0.9928790535111424
NTML.TA,17376.551382190926,108.41860634039256,0.0150603958301067,0.9763569315528586
NWMD.TA,478.4105532406714,17.194835820473916,0.0158149296343839,0.9514659410042868
NXSN.TA,31503.342289133638,140.3357421875,0.0313135690768794,0.8754606005049109
NXTG.TA,6.082648261570255,1.7648173560780929,0.0262381866469442,0.8768812309209706
NXTM.TA,33.11626187493363,4.75726318359375,0.0076779502902323,0.9816820812579582
NXFR.TA,36193.628930382125,138.93013369911594,0.7497975677286537,-1.781093265267241
NXGN.TA,375.1073784995514,16.60357460855436,0.2157446268576565,-0.6009544777029137
NICE.TA,710258.9919598792,509.2551975723141,0.0078134506745621,0.8946731460411902
NISA.TA,975.2324846290852,14.26808456547004,0.0099259894908687,0.8752834537287879
NOFR.TA,1170.4107541054796,29.42502617590206,0.0033480772537672,0.97580042714763
NSTR.TA,1355.2421704159117,32.11538418856534,0.0285421305340569,0.9709473094703251
NVMI.TA,7776489.147990203,1923.6313597623969,0.0255842091362744,0.8078710271710796
NVLG.TA,14.688385104914463,3.0459498886234506,0.0188083091047071,0.911522507604619
NRGN.TA,252.26521067609275,12.468933908562912,0.0393901089404772,0.8451361819661352
NURI.TA,8352.26920583355,57.76494154819225,0.0747058791516713,0.4225061488551617
ORTC.TA,1911.1844258304093,25.97518643465908,0.031141173825803,0.9047071389516652
ONE.TA,24989.20816692242,121.92284349173552,0.0208622086925278,0.9523123736539444
OPAL.TA,15.651866101094114,3.4542236328125,0.0190531544811643,0.9639360097180634
OPCE.TA,1326.1501557851625,33.19800208225723,0.011550402946714,0.9605137629422376
OPK.TA,257.47525097316606,7.946643923924974,0.0138643931359165,0.7916917102933707
ORAD.TA,0.1759273247124169,0.3209750593201188,0.0051472425281284,0.9882611464586414
ORMP.TA,293.0777071430037,14.327401733398435,0.0160336737766145,0.6808997600720381
ORBI.TA,334.462013147094,14.797205901342975,0.005776549133073,0.9958474871441864
ORIN.TA,3184.5995144884696,49.41098854758523,0.0253724829670421,0.899167625053702
ORA.TA,10658.59145563299,73.31291967975207,0.0026354374150577,0.995130960844949
ORON.TA,283.6915130459142,12.872825433400052,0.0142681708133147,0.951005835201362
OVRS.TA,33.147689124069,5.389929653199251,0.0149036948456253,0.9006539724767837
PLRM.TA,260076.0313087869,393.4173190534608,0.0536072188707956,0.7272440605810158
PRKM.TA,423.2384616188484,17.523306636487025,0.0327950819513576,0.8949566575349976
PTNR.TA,1961.0128574860244,34.44544667645919,0.0183850155298559,0.9737504069796366
PMNT.TA,47.269445688956274,5.685533376840445,0.0201704502297903,0.9648344121089388
PAYT.TA,7597.410884616789,57.74853919163223,0.0083691029400203,0.9528089648582534
PAZ.TA,2868185.909783608,1311.4188081095042,0.030548959917078,0.7682347739227683
PCBT.TA,241.1346760816441,12.791018147113896,0.0211918613767187,0.9873595780825034
PEN.TA,10.942882149343664,1.820260418348076,0.0100137833439551,0.9818980976763994
PERI.TA,21855.309736893694,140.8786459678461,0.0449785594915128,-0.6480394826329683
PTCH.TA,2.896660867447434,1.3449359073817173,0.0074286362019289,0.9846723581161716
PTX.TA,57.51694720915254,5.746579678853351,0.057348932820354,0.9679318564810924
PHOE.TA,15905.78764269618,80.24537746965393,0.0174186846061236,0.9420831344821404
PHTM.TA,17451.320442022858,101.87546681833793,0.0359324816109476,0.6536951051855213
PLNT.TA,13489.056806075265,88.06762616336346,3.5305099971236005,-2.154442141507417
PLSN.TA,44516.8099757896,195.09339488636363,0.0138904056973706,0.9840360529102754
PLCR.TA,7673.393876831982,80.84252041824593,0.3254904863961377,-1.1309647277329695
PPIL.TA,643.6557250443018,13.738723635673525,1.0036428050384778,0.989875292263426
PLAZ-L.TA,106.8857163862048,6.131533668154762,0.0340403291108991,0.971738538749684
PLUR.TA,5520.821303597939,59.410062813464506,0.0321894629385687,0.7907548405350315
POLI.TA,21717.021190170908,98.97943367445764,0.0238799303068121,0.8034624634194016
POLY.TA,800.5067717019191,21.35024898308368,0.0051906130562944,0.989775098338384
POLP.TA,72.92786617832955,7.376930930397727,0.0062896630345006,0.9927046014634784
PMVM.TA,1843.91958790077,35.938033219222184,0.1795029232450344,0.5954014910872769
PRSK.TA,16051.29784032136,85.11623918517562,0.0082962538827234,0.991210195905594
PRIM.TA,523.2759383922177,15.030333131224245,0.0211236918870722,0.969743706078191
PRMG.TA,364.8750001216072,14.803935434626435,0.0110214530532345,0.9902234657735765
PRTC.TA,748566.7577256132,635.2670293130166,0.0363859844222919,0.8739045972885215
PRPD.TA,158.3615828763161,9.927472795758929,0.0046908842086397,0.9913461607349512
PTBL.TA,141697.19205405496,310.8681882747934,0.0130653453875736,0.9849420314415892
PULS.TA,436.1523965172167,15.178507187787224,0.0444066976683251,0.9432053625574994
PPBT.TA,51.71984798502493,2.325320649738154,0.2214863744094213,-2.01263369640375
QLTU.TA,2879759.721873544,1281.2586518595042,0.0722620180975154,0.4117708443397919
QNCO.TA,102.16300213480876,5.526370970670842,0.0114224008119277,0.979516276778075
QLRD.TA,424.7201619596892,16.010201402889784,0.0046688516078594,0.992931175199171
RLCO.TA,2694.4074243883456,40.56331312951963,0.0104434322745932,0.9944562952819664
RMN.TA,192.6602483519838,10.932909752711776,0.008119401092739,0.9873429973055872
RMLI.TA,4039.820814116927,49.05053912706612,0.0022487779706496,0.9980994273410512
RANI.TA,43.26782861309634,5.015324111812371,0.0151604724268451,0.9842212223438228
RPAC.TA,596.1883466012222,20.70047577156508,0.0079391709355918,0.9710465689764672
RATI.TA,26.00582865214799,4.005171720646629,0.0125490487450551,0.973282816204849
RTPT.TA,1.8956941071694264,1.011288779122489,0.0409935301689279,0.9603220043691398
BRIH.TA,1.859047099374584,1.1431035995483398,0.0159596671227529,0.9881820329781348
RAVD.TA,142.91592811211206,10.245151992671746,0.0128098617111695,0.9327841047539658
RVL.TA,132.11730812454772,6.074205761113443,0.0314040284084902,0.7469148057746422
RAYG-M.TA,66.01614701983522,4.762408128454665,0.1586195078653007,0.9264437786608688
RZR.TA,801.5687341494486,20.734559746198755,0.0388333803731892,0.8619404437936828
RIT1.TA,823.5292312345229,23.50002824767562,0.0140771905421273,0.9778164347248324
AZRT.TA,111.35199176676636,8.325016310235032,0.0203834210818898,0.9781818414568838
REKA.TA,784.7432380961485,25.37894256844008,0.0178025674930588,0.8616726927457329
RTMD-L.TA,804.6655484491839,22.883423851086544,0.7476581403940983,-1.3588833588397504
RTLS.TA,3058.8821046324983,44.87164376795977,0.0064535674185639,0.9894615429299872
RMON.TA,1551.128443199468,31.357227739081324,0.0078483863392724,0.993252796332814
RIMO.TA,7005.66230232558,69.91653215392562,0.0149238106732375,0.9510676439814992
ROBO.TA,60.657401191949454,4.864086049847899,0.0454650105722354,0.8667885472152582
RTEN.TA,25.970696684260304,3.722962851836303,0.017006908342947,0.9447946449830216
ROTS.TA,4657.018518593685,60.29636654183884,0.0131782812521797,0.9930926511633172
RSEL.TA,339.91905703685006,11.510708895596592,0.0150155410105232,0.9372992831541932
SRAC.TA,2818.598264301119,42.0733188597624,0.0134721759090036,0.9909298981659868
SANO1.TA,276232.57929242344,394.79823088842977,0.0120057560055407,0.9459748715215563
SPNS.TA,35069.25885445619,162.148978241219,0.0134846236363578,0.9871464641804268
SRFT.TA,2995.920466849134,47.27757578447831,0.0130656780490685,0.9773734127839104
SARN.TA,1.425741738899974,0.9086634318033854,0.0141685195881375,0.8448585830261692
SVRE.TA,387.2553199360974,16.995544947277416,2.2171172858149983,-4.808466759629741
SVRT.TA,28139.31434717913,151.81909989337532,0.3632489107067608,-12.325415111608498
SHNP.TA,366.5046617867779,13.576935571087294,0.0095542188950612,0.9797288798419984
SCDX.TA,6.943082159295319,1.998158650225904,0.0063232253351738,0.9928854067893323
SCOP.TA,23201.15877970388,134.24792581353304,0.011882174069377,0.9900031370203106
SEMG.TA,36.30302339666023,4.191032977143595,0.0209569160626349,0.988989794552692
SLARL.TA,197.16529100446783,12.46294258054623,0.015405136762649,0.9796089419781951
SHGR.TA,419.9985328331774,13.80116612458032,0.0129715723612266,0.9710337362698126
SHMM.TA,2223.9872556002274,21.860952048800712,4.690801667391793,-2.4527267783957294
SHAN.TA,15.968428526173753,3.1548792310982696,0.0083776242346427,0.98392095342139
SPEN.TA,444.43955177364273,17.240133490444215,0.0073559695581625,0.9955091882459794
SMNR.TA,679.1700980896751,22.5702392578125,0.0153213477763509,0.982922816541752
SBEN.TA,30.28315492065035,5.0718533699972586,0.0202347170665004,0.7220030953409443
SKBN.TA,179.21528526854294,10.613702443020404,0.0100713537729811,0.995543075112858
SHOM.TA,10.449721966416012,2.467420341554752,0.004298975571529,0.9987175995056696
SAE.TA,46968.31340364632,164.91359237797005,0.0469013041795351,0.7288473638109412
SKLN.TA,147.08357019205232,8.355241759749484,0.0049515620489203,0.9958675247598198
SLRM.TA,795.1167375283192,23.06443115234375,0.0463514545169227,0.84106899129618
SMAG.TA,823.7732910371818,20.913814490949605,0.0615298603184414,0.7227625409733688
SOFW.TA,1300.2841033760844,28.50828955639368,0.0165755289173473,0.8857027190246107
SOLR.TA,467.9417460281798,17.810972822473403,0.0054507172204232,0.9878284943475724
SONO.TA,135.3320375842399,9.8019546107242,0.1471983331033902,0.2268669917023631
SCC.TA,22.327037076319485,3.664431926632715,0.1111807383478459,-0.464021848548837
SPDV.TA,50.73294839959771,4.399345306028803,0.011333387790284,0.9359407384472168
SPRG.TA,1928.121970842245,26.845066196662334,1.194781242714413,0.9726015711751592
SPNTC.TA,33.41027581426199,4.432252742042226,0.0101133728610975,0.9706181018297638
STG.TA,1028.509335195146,25.906815691692078,0.0066058480519405,0.9480388937529474
STRG.TA,90.6943976492576,7.424721599610386,0.1569377152928947,0.4403737425464873
STRS.TA,13870.607315262489,89.63552831224173,0.0138482909304963,0.9578815435696904
STRW.TA,29558.599489765507,158.63528878348214,0.0411624213318272,-4.579913940199452
SFRN.TA,408.7386046512249,14.347742181075247,0.0213569628586746,0.9434350582139218
SMT.TA,1693.98419242851,31.624414869576448,0.0061195267362513,0.992031098170771
SNFL.TA,24.823530137223337,3.623068312968104,0.0069322063715356,0.9626533660784108
SNCM.TA,1.7422466227575013,1.0794335987942278,0.0098653670029121,0.978089248341872
STEC.TA,229.2118042096268,11.773338469592009,0.2125784966396813,0.987029567754359
SNEL.TA,277.26816258031425,13.62777634297518,0.0095191006385485,0.8627706596322253
TDRN.TA,257951.87373030483,397.94111570247935,0.0187006218823187,0.948929859632174
TMRP.TA,1523.0239868565532,30.600541548295453,0.0147169440289216,0.9645307890259616
TRA.TA,4.047166865309514,1.53274069541742,0.0531735309965508,0.8816313335320458
TATT.TA,921082.1368705144,633.9028199251034,0.0779906350851461,0.5092359424975141
TAYA.TA,1146.9572702596995,27.250492316632236,0.0044864337069964,0.9840153664607656
TNPV.TA,5669.954221293166,16.11940458786389,0.705157187517272,0.858982375932792
TECT.TA,124.56352731747909,9.000160658655087,0.0200932024211811,0.946782024450826
TEDE.TA,6113.587430605838,61.681113692354565,0.8193171795145641,0.7786205382556824
TFRLF.TA,5492.8514762900095,62.67426798166322,0.020595524289985,0.8256513577934914
TLSY.TA,54572.56906648904,199.2107841554752,0.0111342078438521,0.914854975107872
TRLT.TA,18.744657428770125,3.976397164260285,0.0061422187380392,0.9727187843476618
TRX.TA,269.9754980980737,11.616075097060785,0.0306363483233681,0.9343290370092594
TUZA.TA,0.3031620449323519,0.4074881687637203,0.0107486886952977,0.9556383116166792
TEVA.TA,43220.76076221861,115.51543937241736,0.0161265147787078,0.8285139333070759
TGI.TA,6.084165914373681,1.9447710268965392,0.010864476445993,0.924947312326286
ILCO.TA,658432.1880921923,647.4998708677685,0.0079221974406863,0.985891328820742
TMIS.TA,2369.817723739675,28.32121836344401,0.0275263664195369,0.9364844025631516
THES.TA,213.5172243205915,10.959640502929688,0.0256538800453089,0.945341443572636
TIGBUR.TA,1700.4466811869909,30.744704755764563,0.0063460760458213,0.9781193404065256
TIGI.TA,1593.4908367249286,29.053942192925348,0.0388428191115254,0.5416574825001788
TKUN.TA,43.77040850836576,6.016333162291976,0.1745094746100531,-4.5578613536208215
TTAM.TA,17.47642140859384,3.511070314517691,0.0058818620702833,0.9922201792536685
TGTR.TA,267.86975041833085,11.076713372853176,0.0255534218027471,0.9022342948288644
TOEN.TA,919.46740715883,23.95820958161157,0.0153892290757835,0.8372141797263437
TNDO.TA,158.79713619684276,11.888546674679487,0.0319567416546091,0.926477533422712
TOPS.TA,171.29726021795358,10.446019196313276,0.0111961256073768,0.973698072591004
TSEM.TA,311427.8909807599,387.79576123450414,0.0223654289894288,0.8262439030916671
TRAN.TA,42.33305885646647,5.008061896430122,0.0525234072417573,0.5175096304348643
TSG.TA,27991.31521332264,122.6141357421875,0.0075408498446948,0.0285171550560551
TURB.TA,1005.8582418888808,24.291110026041668,0.0315824467750802,0.9389921222541504
TRPZ.TA,62.31884154882924,6.011962890625,0.0032711553334787,0.9952873920014892
UMH.TA,842721.6275734624,834.0562714338303,0.3871010789326349,-0.0229625432770481
UNTC.TA,132.3559995528889,6.911565109231006,1.0085537831973137,0.9540551753085784
UNCT.TA,161670.4657756618,93.131382738455,58.10535449985092,-7419.219717329344
UNIT.TA,13860.458958465206,104.11146129261364,0.0364272334776996,0.9426840559284266
UPSL.TA,14895.785767001951,29.55658874925503,3.57092873685154,-17.547588862883433
UTRN.TA,27.418199972010964,4.310787484665547,0.0113901831240116,0.930908596973387
VRDS.TA,3077.1802370842806,48.40509742914245,0.0216467402914365,0.8788017197908017
VCTR.TA,1287.1933701683668,27.65053388106921,0.0059347103789147,0.9959453800200078
VILR.TA,176166.68649003527,386.4738830061983,0.0241764550991711,0.7717103308802918
VISN.TA,217248.30776950688,420.6923532013846,1.1049255053396716,0.9248511530432502
VTNA.TA,661.8781797946239,21.515228523695765,0.0097934619195718,0.9893255876410536
WATR.TA,51.71793091943862,5.175562556785874,0.090157156986693,0.7654078540022967
WESR.TA,496.4920970941084,17.466559368631113,0.0396092497253552,0.9484836772570564
WILK.TA,3.7449697218420734,1.5052568892802094,0.0336380107053162,0.8856582054677343
WLFD.TA,2790.572355690081,45.06908776149277,0.0204550018741974,0.9728602732370714
WILC.TA,10337.520776484538,75.61269665639335,0.015622201980037,0.983668632360875
WNBZ.TA,0.5560177441288613,0.5905429981956802,0.0289352015607925,0.8903483074687
XTLB.TA,0.0297670579968353,0.1210974302047338,0.0153773138831771,0.9893887133011576
YBRD.TA,228159.1496896084,200.2978057861328,4.977382512489001,0.3327040012934625
YBOX.TA,1.850634875870887,1.065166252703706,0.0120708627621674,0.9862470535817248
YHNF.TA,7262.448228473506,67.93351304235537,0.0031229682307434,0.9977385162158288
ZNKL.TA,28598.646961811653,127.68571837874484,0.0324676955665805,0.5784407727932415
ZPRS.TA,1486.416080226622,30.27677508098323,0.0219096607355045,0.9266076593073492
ZMH.TA,2379.062858121454,41.07215263429752,0.0129253207522969,0.9895108876827502
ZOOZ.TA,1105.4630852581313,24.68717244466146,0.0294358091422716,0.941452077244708
ZUR.TA,101.1418055654311,8.442371715198863,0.0129014403221459,0.9832255682000156
