Company,MSE,MAE,R2,MAPE
ABRA.TA,2.847641572,1.35783501,0.99576355,0.004455152
ACCL.TA,8.12948577,2.350645561,0.984776094,0.015805669
ACKR.TA,2484.195737,44.22340098,0.603528065,0.052912483
ACRO.TA,1671.764819,30.37921715,0.984002674,0.005031118
ADGR.TA,6.329996714,1.964351776,0.997252926,0.003693457
ARDM.TA,2.128667301,1.031755337,0.993879855,0.015527986
AFHL.TA,12917.61514,68.57480816,0.999266868,0.004814363
AFPR.TA,4422.812865,50.77278243,0.98279428,0.00297261
AFRE.TA,159963.1784,325.5210067,0.953920736,0.011971424
ARPT.TA,945.3868192,27.04353031,0.989783969,0.00455412
ARTS.TA,162.9103534,8.598547113,0.813972548,0.156615785
ALAR.TA,277.8613673,15.0828146,0.966307679,0.037762875
ALBA.TA,3036.089728,41.79609534,0.914008206,0.022519358
ALMD.TA,0.140983002,0.311401291,0.981326845,0.009017527
ALLT.TA,12337.17943,95.97359459,0.971713307,0.055582573
ALMY.TA,100207.8247,275.014678,-0.22350559,0.884844337
AMDA.TA,18.6751183,3.547947925,0.858210045,0.022082265
ALMA.TA,706.40373,21.57415795,0.939503425,0.021071295
ALHE.TA,326.7859741,13.14304296,0.993586709,0.00418646
ALRPR.TA,9757.195548,76.99921077,0.998180651,0.004349475
ALUMA.TA,13.40700671,1.909266608,0.41615769,0.041425852
AMAN.TA,23.87721077,3.50178413,0.998371565,0.002151162
AMD.TA,79.38226622,6.618527712,0.93511102,0.00720522
AMRK.TA,474.5134244,18.10260501,0.981774206,0.006139494
AMOT.TA,15.25637818,3.024095087,0.999625378,0.001644116
AMRM.TA,11461.5668,86.05565114,-1.182231884,0.027505848
ANGL.TA,482.1628829,15.19859851,0.994305142,0.004733677
APLP.TA,618.749059,19.30507596,0.902915838,0.055402019
AQUA.TA,4630.913084,53.9475032,-2.032432854,0.335843456
ARD.TA,353.1065256,15.42779705,0.989576719,0.003014018
ARAD.TA,6241062.511,1010.773447,0.827713122,5.423419417
ARAN.TA,486.1706888,18.64530815,0.816500544,0.009761052
ARBE.TA,71039.38925,226.4001642,-1.452733697,0.449037301
ARGO.TA,46021.12332,70.64004821,0.882855524,0.006976239
ARIN.TA,21.94644983,2.509002636,0.952042155,0.010917228
ARYT.TA,134398.6685,236.5273313,0.333783528,0.17194994
ARF.TA,69122.01263,218.4351089,0.157658474,0.032933849
ASHO.TA,269092.7279,434.3494997,0.193836071,0.082779288
ASHG.TA,5642.260315,48.90849768,0.9831471,0.007983471
ASGR.TA,62.1867358,6.776366454,0.991281272,0.009886161
AUDC.TA,23917.93661,52.51140238,0.741255314,0.014932279
AUGN.TA,8812.760853,78.21480704,0.386852131,0.175803854
AURA.TA,6627.054451,63.71554182,0.909744878,0.029448841
AUSA-M.TA,1337.095953,25.9189972,0.704470404,6.108131389
AUIS.TA,4428.390265,55.73002264,0.820220979,0.105085167
AMX.TA,5.551214171,1.212802799,0.672019669,0.052453198
AVER.TA,299.7372217,13.37525863,0.984015032,0.013328486
AVGD.TA,43070.5934,162.8423366,0.647242302,0.068115643
AVGL.TA,1.696999655,1.020106466,0.984937799,0.007231131
AVIA.TA,13082.95713,39.81422585,0.672523576,0.410136109
AVIV.TA,254.2717008,12.55723792,0.995374497,0.006560184
AVRT.TA,355.611639,9.51640821,-0.182183925,14.45994751
AILN.TA,256.8273318,12.1676917,-5.577148246,0.270736843
AYAL.TA,46201.32695,134.9477889,0.926692547,0.034724025
AZRM.TA,284.0835789,12.71502443,0.99170991,0.00627296
AZRG.TA,30177.97372,111.4223745,0.992610719,0.003964632
BCOM.TA,1228.928605,29.47630275,0.988106617,0.017295383
BKFR.TA,998.5829875,30.03723312,0.775305628,0.020769846
BVGG.TA,11.12491607,2.530850447,0.994029638,0.002926513
BRAN.TA,12444.3126,95.79688691,0.337127475,0.065682445
BRKT.TA,1.464231714,0.881201849,0.993634661,0.004350587
BVC.TA,1.127399682,0.841561175,0.980263243,0.009625344
ORL.TA,0.326674373,0.429391729,0.991457151,0.004291171
BHNY.TA,48823.40129,147.505293,-24.54242034,0.70576107
BSEN.TA,58991782.24,5462.035949,0.166548722,0.13616647
BEZQ.TA,9.354782074,2.61721229,0.997334068,0.005066774
BIG.TA,459557.7269,566.849748,0.986151593,0.010854329
BIGT.TA,8.769119926,2.391099348,0.970701397,0.017603306
BKRY.TA,23.1575269,3.786452763,0.910154525,0.011042774
BIOV.TA,716.9716519,22.40870009,-170.5516903,0.782756294
BOLT.TA,2004.905172,43.23266313,0.78097146,0.079391655
BLRX.TA,49.22914357,3.016700138,-0.953554461,1.012533835
BIMT.TA,0.324050834,0.420838034,0.9873035,0.015768343
BIRM.TA,508.7498864,16.50991617,0.990057333,0.014120899
BLRN.TA,317.5582069,13.78698113,-6.563281353,0.26296671
BLITZ-M.TA,11899.31399,72.86945018,0.223552919,0.178252959
BLSR.TA,268136.8798,456.1053609,0.959754415,0.013948294
BOTI.TA,4120.798765,46.50522862,0.991901154,0.010092668
BONS.TA,1.012593475,0.70495549,0.891838343,0.047939471
BCNV-M.TA,1156245.428,650.0492338,0.989871268,0.881713026
BWAY.TA,439.7355999,15.29697475,0.97351598,0.00843789
BRAM.TA,10.39651538,1.727073434,0.945392337,0.011112015
BRND.TA,2.318229679,1.102667828,0.997278013,0.004016421
BRIL.TA,732.5377534,21.15077511,0.993144396,0.010038916
BRMG.TA,856.4894063,18.72484225,0.987918354,0.011757319
BBLS.TA,66.77703843,4.951702863,-3.078847,0.137870812
BLGO.TA,95.84267745,4.247825725,0.916527305,0.005588011
BULL-M.TA,38.57387012,3.87028128,-15.6302383,6.744996058
CISY.TA,309693.0613,268.4725205,0.422494326,0.095970011
CLAB.TA,221.4728486,9.332411587,0.95338239,0.008089754
CAMT.TA,207497.9128,367.3779602,0.973894442,0.012229139
CANF.TA,0.026827772,0.102338613,0.869241772,0.0475149
CNGL.TA,2633.943016,45.66051014,0.612720824,0.041609883
CNTC.TA,2614215.749,762.2314345,-16.95746342,1.249646107
CNZN.TA,2723.937734,47.31144648,-0.166312428,4.503934734
CPTP.TA,2.501464702,0.783968879,0.98004134,0.280297332
CRSM.TA,2195.662132,23.19458962,0.990612437,0.007897394
CRSR.TA,1857.366407,35.48288646,0.973932343,0.009422463
CRML.TA,863.5347934,25.09360956,0.977108919,0.012059911
CRMT.TA,974.127488,18.45847615,0.988039588,0.270417544
CAST.TA,19145.30285,98.17923528,0.992291837,0.009460078
CEL.TA,299.0617493,11.31335686,0.997417468,0.005022654
CILO.TA,1331013.691,925.006453,-65.72367395,2.966226423
CION.TA,1.769148464,1.121427932,-2910.601756,0.032477089
CPIA.TA,0.467306027,0.551694936,0.911356906,0.011917048
CTPL1.TA,187935184.8,10724.10606,-0.048799051,12.95383032
CTPL5.TA,2315288970,32937.75644,-0.0556309,1.931388077
CBI.TA,0.670875878,0.672822545,0.820456272,0.018590575
CLIS.TA,2963.109149,37.0902665,0.998635366,0.004367057
CFX.TA,5.769896621,1.899704608,0.990045987,0.004947984
CDEV.TA,681218.5843,522.9845735,0.881815121,0.032138626
CGEN.TA,410.9369703,12.73873067,0.960928223,0.019792293
CMDR.TA,60578.86735,192.0574133,0.997589734,0.005507615
CNTL-M.TA,120.5078611,7.633370105,0.868809966,3.083030874
CMCT.TA,118254031.2,8721.253943,-243.3880961,22.97134779
DANH.TA,28331.6345,99.51421547,-2.145065516,0.04263251
DANE.TA,102304.2207,260.9976017,0.992921428,0.006588245
DNYA.TA,108300.4895,269.7072272,0.905587632,0.022575243
DLEA.TA,2666.942863,44.27724888,0.984072284,0.015557669
DLEKG.TA,698717.0194,662.1809939,0.980839867,0.013155673
DLTI.TA,6570.32555,43.77505476,0.966226784,0.00633214
DELG.TA,28582.51366,122.5211192,0.99022944,0.006520053
DIMRI.TA,1663554.256,594.3438111,0.532109649,0.017263451
DIPL.TA,1320.598402,25.04411394,0.99728332,0.005378708
DIFI.TA,54643.41783,182.2837693,0.997026491,0.003204532
DSCT.TA,3436.523296,43.73526201,0.955583716,0.016630574
DISI.TA,46.35958077,5.730856237,0.988496882,0.012922472
DNA.TA,0.991626167,0.891481081,0.99329541,0.009623636
DRAL.TA,7252.124403,64.43461906,0.995612891,0.006595714
DORL.TA,39.85754282,4.710573552,0.994620171,0.003453547
DRSH.TA,1730.066316,33.22620984,0.794447942,0.020015757
DUNI.TA,435990.3173,562.8986046,0.940553079,0.021862479
ECNR.TA,2199.412615,40.22501733,0.946262029,0.014970006
EFCP.TA,16539.54753,93.17670978,-0.544807433,0.057923217
ELAL.TA,7711.754989,62.6187799,0.697519932,0.065553959
EMITF-M.TA,8.558085451,2.25325103,0.999464719,0.003682887
EMTC-M.TA,1.127062973,0.80911641,0.892828971,0.039974258
ESLT.TA,12147262.48,2347.034248,0.943619411,0.021752557
ELCO.TA,52878.52941,173.3127572,0.990251307,0.012429165
ELDAV-M.TA,4.434961506,1.567763585,0.97900705,0.006057597
ECP.TA,15280.52467,100.5891922,0.995945313,0.011667169
ELCP.TA,46261.40619,49.35419441,0.518632205,0.022216264
ELCRE.TA,563.0201717,19.00349851,0.995043463,0.004182218
ELWS.TA,21511.81292,111.3123155,0.992168905,0.005493509
ELLO.TA,466.6157767,17.38781345,0.987992465,0.002980157
ELMR.TA,254.2711045,11.34211428,0.997370673,0.007723775
ELRN.TA,38.80313884,3.954759736,0.975325623,0.009620958
ELSPC.TA,377.8072201,11.25227183,0.978079004,0.013444889
EMCO.TA,77.15297482,7.308544225,0.988053013,0.008249585
EMDV.TA,851.1388757,22.75718074,0.992167568,0.00857436
ENDY.TA,472.8624855,5.856665115,0.857876349,1.037449674
ENOG.TA,452.7360329,15.66694902,0.987726505,0.003378039
ENRG.TA,18.13892089,3.622118514,0.996572645,0.003027235
ENLT.TA,578.01908,19.76316899,0.982354481,0.003256728
ENLV.TA,452.760199,15.86229717,0.910542858,0.035585431
EPIT.TA,587.3362209,12.11526152,0.833513354,0.012033449
EQTL.TA,38202.36707,155.2184615,0.974829154,0.010532939
EFNC-M.TA,4812.062415,60.68133534,-0.441434933,0.253214476
BCUR.TA,0.938721947,0.606770978,0.803438556,0.027712984
ETGA.TA,413.4011673,12.58259634,0.990236003,0.007028953
EVGN.TA,40114.34751,52.64657305,0.005146803,0.072570588
EXPO.TA,310979.4872,423.8814789,0.625499874,0.062792097
FTAL.TA,49387.62694,164.983323,0.997651905,0.003346719
FEAT.TA,94.95246068,7.801263563,0.966691959,0.746213566
FIBI.TA,42497.42492,157.8564857,0.981953745,0.008659377
FIBIH.TA,149528.5549,288.6939998,0.946634521,0.014575937
FGAS.TA,119.9390627,9.916312412,0.950893474,0.008776915
FLYS.TA,45.6835832,2.951725275,0.718569494,1.282869475
FBRT.TA,22157.85905,81.81472634,0.990000756,0.005438833
FRSX.TA,18.86914971,3.737171619,-0.049185171,0.332756815
FORTY.TA,11129.76515,75.38963591,0.997275557,0.002379503
FOX.TA,39492.01432,156.3388967,0.985746636,0.005203145
FRDN.TA,3244.086165,43.19376165,0.990489643,0.008565056
GOSS.TA,7.028796917,1.902219344,0.994737236,0.004053428
GCT.TA,139.327104,8.885571747,0.983052074,0.006568348
GPGB-M.TA,244221.7459,401.6718268,0.584578256,16.15356017
GLTC.TA,909.8146737,10.86788136,0.637677564,1.838630827
GMLA.TA,11763.58223,56.73347375,0.782173677,6.021027835
GSFI.TA,9865.937017,84.39911425,0.871473251,0.023885518
GAGR.TA,52.29356598,5.512288723,0.989248414,0.014821478
GAON-M.TA,299023.2416,475.2903946,-0.684499079,0.203455887
GVYM.TA,208.7885939,12.12610597,0.976545761,0.004084333
GEFR.TA,0.222140402,0.376431877,0.979939345,0.005579011
GNCL.TA,245.8925163,6.644071525,-4.248407372,0.113538159
GNRS.TA,0.53404024,0.659659297,0.989964425,0.008671769
GFC-M.TA,1749.444056,38.41804427,0.994210895,1.260342293
GIBUI.TA,0.40708774,0.547529563,0.468920495,0.381978544
GILT.TA,491.0191526,18.12560093,0.994515323,0.007975496
GLTL.TA,0.360075858,0.442713946,0.994416135,0.006236876
GNGR.TA,155.4790198,7.054509578,0.832014314,0.00749012
GIVO.TA,0.979115406,0.770362079,0.677034161,0.034557166
GIX.TA,1.476605125,0.890088138,0.888763682,0.052412823
GKL.TA,1.05526031,0.554624364,0.984209129,0.007172901
GLEN-M.TA,8.58E-05,0.006448808,-0.683177852,0.206981921
GLRS.TA,959352.2841,680.150463,0.908235376,0.012876955
GOTO.TA,3116.226448,21.38989743,-8.081605702,0.053288491
GRIN.TA,1706.327097,32.91176967,0.954400014,0.024402373
GOLD.TA,53905.21791,154.3895222,0.989900117,0.00880464
GOHO.TA,4691.231025,51.03606851,0.870222662,0.022415018
GOLF.TA,18.57315287,3.229266568,0.996242675,0.00507396
GRAC.TA,2188.389155,39.20674122,0.454720384,0.024168137
G107.TA,21.51988472,2.629139876,0.254969419,0.048170082
GUID.TA,1119.687953,18.16298558,0.980396111,1.176241519
HDST-M.TA,207.9516811,7.279826193,-1.149970647,0.165480317
HGG.TA,351.4492703,14.76053941,0.997618575,0.006598466
HGGE.TA,193.2200997,9.723780398,0.942849921,0.014035949
HMAM.TA,12.90657732,2.186304566,0.953678102,0.005568269
MSBI.TA,1.095381534,0.674703639,0.991983472,0.005382458
HAMAT.TA,577.0985191,16.7636949,0.990176805,0.010200348
HARL.TA,97197.32374,200.3932709,0.896636307,0.034860161
HICN.TA,14128.49221,57.47031499,-12.94665115,1.196344833
HLAN.TA,58975.01074,211.1091663,0.971686211,0.009509281
HIPR.TA,686.7147505,24.64550753,0.943372795,0.013401565
HRON.TA,9447305.896,2165.045675,0.965214979,0.009090699
HIVE.TA,0.047163313,0.186557235,-0.824171397,0.191364823
HOD.TA,1097.516208,25.94762707,0.997241947,0.005616724
HLMS.TA,115.914929,8.365538311,0.96165683,0.013718265
HMGS.TA,17883.05145,66.6935196,-3.133515606,0.413232427
HUMX.TA,45.08862747,5.096352675,-2.732772734,0.157436776
IARG.TA,51.94899593,5.419256863,0.431931993,0.065876633
ICL.TA,112.3418127,8.014728199,0.998329848,0.004451315
ICON.TA,211.2000999,13.65225967,-0.370383752,0.030696928
IDNT.TA,2026.893495,31.18007755,0.873114933,0.082957593
IDIN.TA,114534.8778,233.6489569,0.956425854,0.015281929
IDMO.TA,606.4012115,11.55229391,0.41591296,0.028503435
IES.TA,30088.99432,142.6004957,0.994521279,0.005939329
INTO.TA,5915.901414,58.68705706,0.909309647,0.125408498
ILDR.TA,65.55699668,5.071605526,0.971053213,0.00646183
ILX.TA,2128.392892,31.77063086,0.99421276,0.004440878
ISI.TA,140.6124761,10.07288631,0.977396947,0.007335016
IMCO.TA,15585.54288,92.79336478,0.929336184,0.024309877
IMED.TA,308020.5036,357.1434536,-1746.976612,8.427502255
INRM.TA,57.18363294,5.729974345,0.998790285,0.003526822
ININ.TA,84.93952105,5.274709603,0.574332944,0.020666894
INCR.TA,53.02820711,4.358860424,0.988746759,0.007427163
INTR.TA,68782.21042,199.2272936,0.201958197,0.030369328
IGLD.TA,774108399.4,13396.46257,-105619.102,26.12361379
ISCN.TA,603.6844322,21.74043748,0.946865874,0.014580065
ILDC.TA,117.9032586,8.677799587,0.997244456,0.002537972
ISOP.TA,3.02008826,0.810193888,0.991505939,0.007928762
ISHI.TA,7380.939943,57.19870707,0.998275978,0.005536135
ISRG.TA,5.389937062,2.028680929,0.907574444,0.009690029
ISRA.TA,28.71240709,4.750144008,0.935235584,0.024070538
ISRS.TA,145062.8212,310.9470223,0.996497281,0.003727842
ISRO.TA,8360.438533,66.6531339,0.973658756,0.008065236
ISTA.TA,8238.52059,72.71667256,0.988433422,0.007986278
JCFN.TA,2118.316854,23.59413189,0.897712563,0.010086155
JBNK.TA,884.3843421,22.26473293,0.985145608,0.012909015
JNGO.TA,1369.246342,32.90342759,-3.644665946,0.091772043
KDST.TA,2701.937351,30.0495827,0.984353137,0.024798543
KAFR.TA,489.7358518,16.3891094,0.995396537,0.005727288
KMDA.TA,307.58458,12.6683378,0.995589638,0.005203756
KRDI.TA,36.51389482,5.208910024,0.977060521,0.016363994
KARE.TA,75.35251308,3.219276814,0.98191563,0.005733006
KEN.TA,3754.611231,46.86103451,0.99243154,0.004224629
KRUR.TA,1422.398307,25.4417109,0.997194674,0.00336477
KSTN.TA,37.43553404,4.460293288,0.987626483,0.006516751
KLIL.TA,10528.49875,78.01577681,0.998814617,0.003309591
KNFM.TA,2340.773571,39.37008147,0.939708381,0.025596014
LHIS.TA,24880.93808,131.4054612,0.779405144,0.187582809
LAHAV.TA,39.07010535,5.263530467,0.992844921,0.010527957
LPHL.TA,0.87498935,0.706216863,0.90147287,0.006394984
LSCO.TA,8.988848335,2.007510989,0.995701214,0.005508096
LUMI.TA,11193.26178,86.92762252,0.95114475,0.019488377
LEOF.TA,73.80234947,5.078603433,0.9862527,0.014972776
LEVI.TA,132406.3649,275.0155777,0.996861056,0.007317856
LVPR.TA,294609.3433,125.4597262,0.860197414,0.764886535
LBRA.TA,954.066006,24.08573776,0.757003936,0.022418991
LCTX.TA,30.69871484,3.646667062,0.991645997,0.01575621
LPSN.TA,4257.159122,46.47820728,0.235487033,0.111014622
LODZ.TA,61968.55921,234.4497229,0.847149384,0.133591969
LUDN.TA,321.4496672,13.78057535,0.995573874,0.006617751
LUZN.TA,9.387334189,1.966139819,0.962577621,0.007068901
LURO.TA,4182.855681,56.83117805,-2.731327714,0.025400599
MGIC.TA,1823.675725,21.76821506,0.958119896,0.004893962
MLTM.TA,23809.47207,128.038067,0.988573268,0.015263649
MSLA.TA,71.63078746,5.859570439,0.894855863,0.004489449
MSVT.TA,1745.200453,16.35667747,-4.27315952,0.137717178
MTLF.TA,11.42272191,2.779919663,0.963750996,0.007615381
MTRX.TA,3504.208743,51.04678446,0.994028237,0.005961202
MAXO.TA,300.1911225,15.023128,0.978530796,0.012116482
MTRN.TA,80801.09036,78.1825284,-7.477789287,0.085946779
MDPR.TA,7.388530587,1.73044189,0.99815131,0.00284125
MPRS.TA,188.1777303,8.013866756,0.728341332,1.016612338
MDTR.TA,166.2668382,9.122893893,0.992667477,0.008584753
MGOR.TA,11401.00707,89.39799365,0.990020537,0.007921444
MEDN.TA,29036.21235,133.7477902,0.993494144,0.007270988
MLSR.TA,435081.8542,555.9554496,0.908410061,0.017201109
MNIN.TA,538.6119506,20.21364482,0.990446823,0.014931606
MNIF.TA,3471.66968,46.1810498,0.842979867,0.025658338
MNRT.TA,0.233790924,0.340461076,0.998450748,0.001726946
MMHD.TA,191064.8769,310.2473304,0.968513615,0.019719995
CMER.TA,689545.8746,631.372893,-0.10799412,0.189355882
MRHL.TA,40.73151667,3.714243609,0.742479992,0.585574432
MSKE.TA,15.11491224,2.880206149,0.993193512,0.011241206
MGRT.TA,57.63638138,6.431136318,0.995022745,0.010824974
MIA.TA,32.80139271,2.765279972,0.953085826,0.04759813
MCLL.TA,832.5994077,22.15569591,0.937791359,0.020628264
MCMN.TA,29700.4045,135.676696,0.996495214,0.005561484
MCRNT.TA,127.9588284,5.17324938,0.959115612,0.020657501
MGDL.TA,381.7199549,15.99985739,0.959493625,0.022655423
MIFT.TA,911.768459,19.51757574,-13.13267963,0.103080076
MLD.TA,1.37E-05,0.002856604,0.538181674,0.112487114
MSHR.TA,12.99361197,2.977559492,0.979790511,0.004118083
MVNE.TA,19.04746742,3.654930601,0.996403894,0.003451247
MISH.TA,1409953.501,656.6790245,0.801142054,0.030942837
MZTF.TA,104853.6282,282.4151795,0.919639384,0.017125702
MLRN.TA,68.32945702,6.780019331,0.987318257,0.008749689
MDIN.TA,10.07797469,2.491149393,0.964929255,0.015514833
MRG.TA,375.6763041,16.86675762,0.977133595,0.014167652
MYDS.TA,1.611810709,0.763387653,0.977671858,0.214863352
NFTA.TA,1236.39348,19.24982226,0.94418369,0.008092115
NVPT.TA,290690.001,382.8950042,0.833782566,0.046676989
NAWI.TA,55501.19985,167.1191774,0.872922551,0.038767451
NYAX.TA,24194.68118,116.141454,0.989805328,0.009312563
NTGR.TA,289.4045107,12.90682803,0.991838996,0.008954371
NTNB.TA,34.46494276,4.736681892,0.614663835,0.017864842
NTO.TA,17645.64424,89.27551774,0.997902019,0.008058538
NTML.TA,14803.81488,104.7693437,0.985115388,0.012483544
NWMD.TA,609.75117,20.30304845,0.9664453,0.01645288
NXSN.TA,150868.5416,251.5975504,0.893568754,0.034348464
NXTG.TA,8.378982373,1.755667577,0.954544859,0.021351916
NXTM.TA,89.93959062,6.543027356,0.995012919,0.008096941
NXFR.TA,69602.63818,200.1992729,-117.6593669,1.310150727
NXGN.TA,28.14037286,3.530560766,-0.002766432,0.052161259
NICE.TA,222257.1881,372.0999728,0.989817515,0.006136362
NISA.TA,347.5030161,11.72627286,0.980479161,0.008862923
NOFR.TA,122.4048467,8.310717293,0.998354212,0.000945419
NSTR.TA,1072.784584,29.02989711,0.9537931,0.023206768
NVMI.TA,8552636.904,1208.622829,0.886474726,0.014774807
NVLG.TA,1.707272651,0.996976888,0.99158901,0.005951622
NRGN.TA,154.1239085,9.709358324,0.864210199,0.030541714
NURI.TA,14321.21235,67.45248618,-2.209456461,0.101164165
ORTC.TA,2313.426785,36.15547096,0.856384592,0.042701159
ONE.TA,14376.06128,100.2019044,0.977148931,0.015195865
OPAL.TA,11.3699474,2.897235314,0.987169161,0.013377708
OPCE.TA,188.9441158,9.509115411,0.991324338,0.003141309
OPK.TA,209.732715,6.804834355,0.851483056,0.012092597
ORAD.TA,1.120182585,0.976522864,0.970525392,0.014516616
ORMP.TA,320.7555141,13.54151829,0.851435286,0.01568689
ORBI.TA,12758.70032,81.28083697,0.923881166,0.026177456
ORIN.TA,1087.597656,20.47269324,0.981822059,0.009056957
ORA.TA,38014.58537,168.8941396,0.994409169,0.00655916
ORON.TA,85.76783474,6.179977725,0.994210491,0.006019245
OVRS.TA,1.82775482,0.798966474,0.998753929,0.002089322
PLRM.TA,271930.5596,400.0649909,0.831187791,0.044462704
PRKM.TA,62.08489178,4.328062996,0.801615402,0.007685609
PTNR.TA,438.5644686,14.56800482,0.997962159,0.006471571
PMNT.TA,19.01383693,3.274144205,0.993153486,0.008358099
PAYT.TA,2590.990131,38.51455562,0.972984497,0.005594251
PAZ.TA,2161007.612,1038.741762,0.925054912,0.020563938
PCBT.TA,2619.466926,41.17909737,0.737873289,0.050593011
PEN.TA,1.924762162,1.147324153,0.996730156,0.005771647
PERI.TA,16846.60908,68.88018613,0.299304872,0.021702564
PTCH.TA,5.86387612,2.052090299,0.980885377,0.009967002
PTX.TA,223.3353787,7.179595266,0.771518143,0.123026811
PHOE.TA,177630.9072,279.5614636,0.801837075,0.045401487
PHTM.TA,760.5725971,20.01930246,0.962990274,0.006724607
PLNT.TA,10000.05492,54.51527279,-3.294526323,0.234835947
PLSN.TA,9597.193135,85.83944446,0.998799377,0.005080427
PLCR.TA,1244.012279,20.18870597,0.920028183,1.073778424
PPIL.TA,1023.539864,22.51792208,0.978318587,0.81308074
PLAZ-L.TA,112.0405263,6.701899714,0.975323445,0.472636337
PLUR.TA,97823.04715,297.7397508,-3.660194028,0.177461865
POLI.TA,12870.15459,92.3135767,0.939905192,0.020295282
POLY.TA,24210.14636,113.7586439,0.886223227,0.023354931
POLP.TA,95.21890269,8.600828929,0.98000515,0.006919711
PMVM.TA,687.4745793,16.28330856,0.454089846,0.080433775
PRSK.TA,31410.68817,150.4812825,0.968834652,0.013981923
PRIM.TA,2607.194318,30.28997439,0.970202818,0.025651209
PRMG.TA,615.2488514,17.13866434,0.838987341,0.011545139
PRTC.TA,42784.66943,152.1462954,0.982117464,0.00890556
PRPD.TA,123.9680042,8.33585414,0.943433117,0.004146901
PTBL.TA,53419.15459,198.8365306,0.982230521,0.007723671
PULS.TA,4462.073828,26.95130031,0.470244526,0.060917226
PPBT.TA,658.9386738,9.018205735,-105.8001883,1.086880195
QLTU.TA,11505985.03,2362.540524,0.52254006,0.0906171
QNCO.TA,164.6234028,7.436601236,0.983491051,0.013817453
QLRD.TA,1487.108889,23.72861375,0.975057009,0.006540919
RLCO.TA,7362.152743,72.21591799,0.986710762,0.014892981
RMN.TA,82.0902177,6.647676429,0.996193929,0.004597817
RMLI.TA,18152.91909,118.2709872,0.996143779,0.004846341
RANI.TA,9.107433707,2.387717703,0.998546799,0.006014636
RPAC.TA,490.8178533,15.82633962,0.998077437,0.004742772
RATI.TA,164.26225,9.876382907,0.920133586,0.025502789
RTPT.TA,1.781196381,1.217308245,0.909301066,0.039819409
BRIH.TA,0.96822214,0.747838999,0.98238994,0.00838064
RAVD.TA,10.7170288,2.758587177,0.994584201,0.003494065
RVL.TA,865.1358189,6.444747789,0.056351924,0.03224059
RAYG-M.TA,403.7738921,16.50679135,0.41100185,0.234539541
RZR.TA,1788.446345,41.66908709,0.352691827,0.079094641
RIT1.TA,23.46103778,3.936586839,0.999415404,0.002223873
AZRT.TA,56.7339847,5.459588842,0.988324193,0.012161366
REKA.TA,149.2220827,7.934170925,0.919537194,0.005641974
RTMD-L.TA,152.62357,7.910617888,0.398997442,0.339796157
RTLS.TA,6730.721863,61.87215748,0.985121308,0.007701745
RMON.TA,1461.652666,30.38268391,0.984059016,0.00651575
RIMO.TA,425.5398263,16.50273859,0.995429776,0.003355919
ROBO.TA,96.19079513,5.498103956,0.871976847,0.044148312
RTEN.TA,144.8211828,5.33010879,0.849159648,0.025515433
ROTS.TA,32976.54489,132.4370497,0.974476376,0.019536062
RSEL.TA,40933.06637,101.6201991,0.681990043,0.068475305
SRAC.TA,1111.524251,28.86542484,0.997947002,0.007220108
SANO1.TA,69072.98282,237.3166299,0.988912937,0.006997406
SPNS.TA,12141.44369,48.4932288,0.996379798,0.004447758
SRFT.TA,12300.94932,96.09913381,0.913412214,0.022710673
SARN.TA,0.32432937,0.416396661,0.94152152,0.006753603
SVRE.TA,5429.880272,43.9663483,-383.3563569,16.60373985
SVRT.TA,13336.73032,42.46910562,-2.871724945,0.112594379
SHNP.TA,277.4267683,12.15845374,0.995299098,0.007465775
SCDX.TA,14.31922212,3.157419089,0.987535702,0.008926257
SCOP.TA,5660.377739,57.20432124,0.998316269,0.004258923
SEMG.TA,29.01457286,4.403287863,0.98682984,0.015392288
SLARL.TA,196.1316337,12.30371163,0.979344453,0.013520593
SHGR.TA,1836.721667,40.01301912,0.954720904,0.031613398
SHMM.TA,27.49452689,3.464516477,0.900126666,0.023999975
SHAN.TA,44.70342282,5.300662268,0.992883393,0.011085788
SPEN.TA,316.4860597,15.5317194,0.995885186,0.005987848
SMNR.TA,394.2262425,16.05328744,0.99296262,0.009868396
SBEN.TA,3.316653709,1.432320214,0.981397217,0.005778213
SKBN.TA,96.21172208,7.465626073,0.997513773,0.006603978
SHOM.TA,51.86935977,6.142938927,0.99730301,0.008034227
SAE.TA,11166.42505,88.78641575,0.783716188,0.023952352
SKLN.TA,780.4251562,26.31402342,0.960335773,0.013784966
SLRM.TA,674.2675886,15.83462732,0.973283399,0.024980925
SMAG.TA,12712.22711,39.05279375,0.083639251,9.727216488
SOFW.TA,324.3512421,15.42038321,0.975778569,0.00915168
SOLR.TA,130.7639833,8.900767527,0.995665825,0.002492115
SONO.TA,347.9365832,15.86039131,-0.736792977,0.213758152
SCC.TA,50.44266003,3.504140335,-0.004225926,0.083234137
SPDV.TA,2101.507686,14.17656143,-0.001062592,1.200365673
SPRG.TA,3287.772405,54.57468542,0.860374151,0.390870602
SPNTC.TA,64.5224478,5.900200239,0.907153007,0.0142762
STG.TA,73157.39975,170.5328097,0.861771511,0.031310691
STRG.TA,376.1796393,9.620516503,-4.462389931,0.231128776
STRS.TA,11394.08269,95.40277476,0.978506191,0.01351367
STRW.TA,28347.31485,112.9574933,0.055611458,0.025297062
SFRN.TA,9.457130158,2.000015648,0.996263982,0.002783866
SMT.TA,1482.213093,29.73812015,0.981348935,0.005235109
SNFL.TA,228.9659312,14.37448767,0.88844386,0.025873374
SNCM.TA,1.527963251,0.694078559,0.993163796,0.005599909
STEC.TA,290.6341529,6.882209865,0.978496084,0.137939154
SNEL.TA,589.343868,16.75053615,0.97071239,0.010748155
TDRN.TA,54564.63641,188.7750729,0.995378302,0.007857844
TMRP.TA,10472.87532,63.87506474,0.942657045,0.022496449
TRA.TA,5.08349072,1.249911549,0.957506687,0.031121559
TATT.TA,1798868.255,1099.53888,0.175705457,0.115788096
TAYA.TA,331.3672731,14.58244429,0.994913578,0.002353982
TNPV.TA,410.2916174,12.23527906,0.991360261,0.009976278
TECT.TA,43.37741101,5.011363005,0.981544608,0.011521247
TEDE.TA,7387.913847,55.94582706,0.662959729,3.298200224
TFRLF.TA,4549.93597,44.07559812,0.951099661,0.013365121
TLSY.TA,12432.66854,70.09631948,0.979330361,0.003999422
TRLT.TA,134.612761,7.849475556,0.988333772,0.009004555
TRX.TA,93.21445223,8.380396891,0.930920552,0.017125772
TUZA.TA,31.74025108,1.628794826,0.269430204,1.855220618
TEVA.TA,76779.19099,182.0027709,0.863155605,0.026078479
TGI.TA,4.744030743,1.572366939,0.990554865,0.007943337
ILCO.TA,617551.3832,676.9501431,0.995733824,0.007309187
TMIS.TA,998.0839842,15.87744528,0.980133916,0.013670197
THES.TA,32.22838767,4.602134437,0.996890144,0.009698278
TIGBUR.TA,17570.03485,119.6464574,0.929143229,0.021114665
TIGI.TA,144.5570006,8.292150428,0.982613587,0.010104253
TKUN.TA,10.01871339,2.173663421,-0.217307903,0.059431416
TTAM.TA,10.07010672,2.690515643,0.996322683,0.004133419
TGTR.TA,405.7070519,16.90811046,0.803347442,0.039631497
TOEN.TA,5329.381814,44.42080017,0.948968673,0.020582484
TNDO.TA,121.2436374,3.425676669,0.78462717,0.007829827
TOPS.TA,73.92129706,5.958294563,0.996635949,0.005681738
TSEM.TA,159920.227,300.4770565,0.914817536,0.017338699
TRAN.TA,32.79683102,2.610233487,0.719122243,0.025704372
TSG.TA,41877.4486,147.9587075,-0.707180822,0.00892905
TURB.TA,803.8497563,25.58266469,0.909212673,0.02902369
TRPZ.TA,639.1197601,19.14741985,0.994171293,0.00807468
UMH.TA,4993537.944,2057.841466,0.317479989,6.916927175
UNTC.TA,181.9780615,9.555190435,0.707278361,0.16571582
UNCT.TA,54894.06727,51.75171805,-3052.313331,38.93940501
UNIT.TA,2040.644292,38.71283092,0.928881671,0.014024938
UPSL.TA,1606.226744,25.88987495,-1.010787155,3.224477672
UTRN.TA,47.27018098,4.93404874,0.99808477,0.008373622
VRDS.TA,4003.240551,60.01514871,0.50854138,0.024479604
VCTR.TA,8389.879822,82.29234676,0.939265753,0.015417214
VILR.TA,11674.07968,74.24794876,0.991785232,0.004407676
VISN.TA,39504.34494,142.6292248,0.992625031,0.37010733
VTNA.TA,1435.080522,33.64352629,0.961769334,0.013826319
WATR.TA,320.9669719,13.62173984,-0.812063753,0.258325993
WESR.TA,65.52699641,6.456532352,0.968695062,0.01364888
WILK.TA,3.756121009,1.650137254,0.966231113,0.058914171
WLFD.TA,667.7994104,20.2102535,0.995745218,0.007980033
WILC.TA,2051.302396,30.61372654,0.996193619,0.005776231
WNBZ.TA,5.270645272,1.61542444,0.662713632,0.073297543
XTLB.TA,0.094079828,0.248440852,0.942265574,0.039573691
YBRD.TA,239048.8002,244.2887181,-0.370117518,5.293378658
YAAC.TA,55.50924196,2.902376357,0.831086305,4.809027838
YBOX.TA,5.407033813,1.770016768,0.992496928,0.014847279
YHNF.TA,9938.035613,67.68119656,0.993902089,0.002881018
ZNKL.TA,23686.75886,121.9671531,0.725785741,0.028838292
ZPRS.TA,3818.417198,50.89146329,0.455757993,0.036163576
ZMH.TA,1978.690289,37.72023549,0.991620964,0.010114306
ZOOZ.TA,1037.885245,26.38586976,0.949941387,0.035138955
ZUR.TA,18.57178048,3.039554349,0.998664671,0.003750562
