Company,Model,MSE,MAE,R2,MAPE,Final_Score,,,,
ABRA.TA,LSTM,2.847641572,1.35783501,0.99576355,0.004455152,-1.024401075,,,LSTM,234
ACCL.TA,GRU,6.197781321,1.207527753,0.988393554,0.008176471,-1.363739426,,,GRU,155
ACKR.TA,LSTM,2484.195737,44.22340098,0.603528065,0.052912483,-1.526987985,,,XGBoost,65
ACRO.TA,GRU,1062.296893,24.62342315,0.989834749,0.004101068,-1.052200329,,,LightGBM,44
ADGR.TA,LSTM,6.329996714,1.964351776,0.997252926,0.003693457,-1.666066115,,,,
AFHL.TA,LSTM,12917.61514,68.57480816,0.999266868,0.004814363,-1,,,Final Score = wMSE​×ZMSE​+wMAE​×ZMAE​+wMAPE​×ZMAPE​−wR2​×ZR2​,
AFPR.TA,LSTM,4422.812865,50.77278243,0.98279428,0.00297261,-1.501446613,,,,
AFRE.TA,GRU,93699.19995,229.3850478,0.97300885,0.0085549,-0.7507688563,,,,
AICS-M.TA,XGBoost,49307.62588,83.79922302,-0.111182188,1.502476251,-1,,,,
AILN.TA,LSTM,256.8273318,12.1676917,-5.577148246,0.270736843,-0.7038443999,,,,
ALAR.TA,GRU,277.4939157,14.0641479,0.966352235,0.039410695,-0.2,,,,
ALBA.TA,GRU,1192.922755,29.1714041,0.966212604,0.015808812,-1.053985083,,,,
ALHE.TA,LSTM,326.7859741,13.14304296,0.993586709,0.00418646,-0.8643643047,,,,
ALLT.TA,GRU,9896.501283,82.70669806,0.977309296,0.040678823,-1,,,,
ALMA.TA,GRU,285.9408099,9.251657609,0.975511965,0.00922915,-1.240760219,,,,
ALMD.TA,LightGBM,0.439502766,0.508806925,0.974562526,0.013958407,-1,,,,
ALMY.TA,LSTM,100207.8247,275.014678,-0.22350559,0.884844337,-0.527690611,,,,
ALRPR.TA,LSTM,9757.195548,76.99921077,0.998180651,0.004349475,-1.411321069,,,,
ALUMA.TA,XGBoost,6.952763215,2.291533046,0.571960479,0.07056957424,-1,,,,
AMAN.TA,LSTM,23.87721077,3.50178413,0.998371565,0.002151162,-1.190549053,,,,
AMD.TA,LSTM,79.38226622,6.618527712,0.93511102,0.00720522,-1,,,,
AMDA.TA,LSTM,18.6751183,3.547947925,0.858210045,0.022082265,-0.3822317778,,,,
AMOT.TA,LSTM,15.25637818,3.024095087,0.999625378,0.001644116,-1.247516812,,,,
AMRK.TA,GRU,362.5763526,13.4030312,0.986073646,0.004550875,-1.222869633,,,,
AMX.TA,GRU,2.027900435,0.910905936,0.88018631,0.038465883,-1,,,,
ANGL.TA,LSTM,482.1628829,15.19859851,0.994305142,0.004733677,-1.473259131,,,,
APLP.TA,GRU,475.8945555,16.97675389,0.925330272,0.052306003,-0.8579333552,,,,
AQUA.TA,GRU,1034.328621,24.58120099,0.322696834,0.160842262,-1.065492585,,,,
ARAD.TA,GRU,4494743.476,1043.477564,0.875920916,5.237848478,-0.1654383081,,,,
ARAN.TA,XGBoost,161.7314756,8.437016203,0.986345732,0.004160280112,-1.043402548,,,,
ARD.TA,GRU,91.75812618,6.047272339,0.99729141,0.001188838,-1,,,,
ARDM.TA,XGBoost,9.629574251,2.449341677,0.975702056,0.0376744376,-1,,,,
ARF.TA,GRU,64090.10385,210.0597748,0.21897882,0.031678697,-1,,,,
ARGO.TA,GRU,9696.112419,57.47206437,0.975319029,0.005591809,-1,,,,
ARIN.TA,XGBoost,9.697374903,2.374151736,0.971074693,0.0104006239,-1,,,,
ARPT.TA,GRU,155.564491,9.598274318,0.99831894,0.001654193,-1.427258579,,,,
ARTS.TA,LightGBM,294.9229662,13.09503735,-4.531189442,0.816465811,-1,,,,
ARYT.TA,XGBoost,45690.84845,189.1525889,-3.466912039,0.379047387,-1,,,,
ASGR.TA,GRU,48.06263569,5.76218207,0.993261505,0.008399777,-1.019363198,,,,
ASHG.TA,GRU,3404.824118,31.53204281,0.989830111,0.005161237,-1,,,,
ASHO.TA,LSTM,269092.7279,434.3494997,0.193836071,0.082779288,-1.084992596,,,,
AUDC.TA,GRU,3642.708997,48.8107043,0.960593106,0.013843718,-1,,,,
AUGN.TA,XGBoost,1455.423761,32.22768162,0.914346268,0.1474171946,-1,,,,
AUIS.TA,GRU,3879.950554,36.1370997,0.842485944,0.09327644,-0.7408111703,,,,
AURA.TA,LSTM,6627.054451,63.71554182,0.909744878,0.029448841,-1.026328985,,,,
AUSA-M.TA,LightGBM,2794.44183,19.75424203,-0.143026383,0.6573304757,-0.2,,,,
AVER.TA,LSTM,299.7372217,13.37525863,0.984015032,0.013328486,-1.048391102,,,,
AVGD.TA,GRU,43569.17341,155.8619154,0.643158821,0.064048339,-0.6,,,,
AVGL.TA,LSTM,1.696999655,1.020106466,0.984937799,0.007231131,-1,,,,
AVIA.TA,LightGBM,12796.88075,51.27224439,0.824871945,1.057631196,-0.2,,,,
AVIV.TA,LightGBM,309.6530045,12.9528698,0.99433494,0.009028227578,-1,,,,
AVRT.TA,GRU,353.2228589,9.282138768,-0.174242741,14.44117035,-0.3073265822,,,,
AYAL.TA,XGBoost,12819.35179,48.9737499,0.922836573,0.02033136017,-0.7892823631,,,,
AZRG.TA,LSTM,30177.97372,111.4223745,0.992610719,0.003964632,-1.157935581,,,,
AZRM.TA,LSTM,284.0835789,12.71502443,0.99170991,0.00627296,-0.8510636881,,,,
AZRT.TA,LSTM,56.7339847,5.459588842,0.988324193,0.012161366,-1.042605652,,,,
BBLS.TA,LightGBM,177.5184751,7.838386821,-12.98135991,0.2350575605,-0.6,,,,
BCNV-M.TA,LSTM,1156245.428,650.0492338,0.989871268,0.881713026,-0.7160458753,,,,
BCOM.TA,GRU,658.5330482,15.67776907,0.993626818,0.009353676,-0.7971843353,,,,
BCUR.TA,LSTM,0.938721947,0.606770978,0.803438556,0.027712984,-1.023775374,,,,
BEZQ.TA,LSTM,9.354782074,2.61721229,0.997334068,0.005066774,-1.381610548,,,,
BHNY.TA,LSTM,48823.40129,147.505293,-24.54242034,0.70576107,-1.026313884,,,,
BIG.TA,GRU,89732.87437,220.1970792,0.997295971,0.004288076,-1.333414844,,,,
BIGT.TA,LSTM,8.769119926,2.391099348,0.970701397,0.017603306,-1.031222274,,,,
BIMT.TA,LSTM,0.324050834,0.420838034,0.9873035,0.015768343,-1.009808727,,,,
BIOV.TA,LSTM,716.9716519,22.40870009,-170.5516903,0.782756294,-0.920468442,,,,
BIRM.TA,LightGBM,0.383906957,0.518135621,0.733224869,0.05534095406,-0.2714602627,,,,
BKFR.TA,GRU,70.14398233,6.755486774,0.984216677,0.004654942,-1.310573817,,,,
BKRY.TA,LSTM,23.1575269,3.786452763,0.910154525,0.011042774,-0.6511638166,,,,
BLGO.TA,GRU,15.87270929,2.20003536,0.98617591,0.002909335,-1,,,,
BLITZ-M.TA,LSTM,11899.31399,72.86945018,0.223552919,0.178252959,-0.3951790371,,,,
BLRN.TA,LSTM,317.5582069,13.78698113,-6.563281353,0.26296671,-0.7329404646,,,,
BLRX.TA,LightGBM,35.25812689,4.69287464,0.533715751,0.3857850985,-1,,,,
BLSR.TA,LSTM,268136.8798,456.1053609,0.959754415,0.013948294,-1.017779625,,,,
BOLT.TA,GRU,74.942391,6.381852119,0.991812819,0.012110115,-1.34350826,,,,
BONS.TA,XGBoost,6.710830162,1.846931734,0.517344667,0.1453453709,-1,,,,
BOTI.TA,GRU,3241.67409,45.06558479,0.993628949,0.010839486,-0.2,,,,
BRAM.TA,XGBoost,89.44113673,2.450495986,0.523565485,0.3978667039,-1,,,,
BRAN.TA,GRU,4937.389574,60.75506555,0.736999543,0.041763263,-1.618686085,,,,
BRIH.TA,LSTM,0.96822214,0.747838999,0.98238994,0.00838064,-1,,,,
BRIL.TA,LSTM,732.5377534,21.15077511,0.993144396,0.010038916,-1.038636861,,,,
BRKT.TA,LSTM,1.464231714,0.881201849,0.993634661,0.004350587,-1.152234538,,,,
BRMG.TA,LSTM,856.4894063,18.72484225,0.987918354,0.011757319,-0.8180254416,,,,
BRND.TA,LSTM,2.318229679,1.102667828,0.997278013,0.004016421,-1,,,,
BSEN.TA,GRU,46036955.59,4848.496265,0.34957789,0.121750762,-1.115625053,,,,
BULL-M.TA,LSTM,38.57387012,3.87028128,-15.6302383,6.744996058,-1.056894186,,,,
BVC.TA,LSTM,1.127399682,0.841561175,0.980263243,0.009625344,-1,,,,
BVGG.TA,LSTM,11.12491607,2.530850447,0.994029638,0.002926513,-0.5657306119,,,,
BWAY.TA,LSTM,439.7355999,15.29697475,0.97351598,0.00843789,-1.121876116,,,,
CAMT.TA,LSTM,207497.9128,367.3779602,0.973894442,0.012229139,-1,,,,
CANF.TA,LightGBM,1.337377361,0.956420612,-3.59269973,0.363284863,-1,,,,
CAST.TA,LSTM,19145.30285,98.17923528,0.992291837,0.009460078,-1,,,,
CBI.TA,LSTM,0.670875878,0.672822545,0.820456272,0.018590575,-1,,,,
CDEV.TA,LSTM,681218.5843,522.9845735,0.881815121,0.032138626,-1,,,,
CEL.TA,LSTM,299.0617493,11.31335686,0.997417468,0.005022654,-1.127633329,,,,
CFX.TA,LSTM,5.769896621,1.899704608,0.990045987,0.004947984,-1.016934067,,,,
CGEN.TA,LSTM,410.9369703,12.73873067,0.960928223,0.019792293,-1.129547584,,,,
CILO.TA,XGBoost,1737.771572,37.91545071,-8.419640921,9.702541022,-0.2,,,,
CION.TA,XGBoost,73.62056649,2.483885849,-0.044849751,-0.3598612111,-0.2,,,,
CISY.TA,XGBoost,26124.75552,128.5527573,0.352568273,0.07827542859,-1,,,,
CLAB.TA,LSTM,221.4728486,9.332411587,0.95338239,0.008089754,-1,,,,
CLIS.TA,LSTM,2963.109149,37.0902665,0.998635366,0.004367057,-1,,,,
CMCT.TA,XGBoost,680351.8921,671.5239744,-2.29372916,3.242267834,-1,,,,
CMDR.TA,LSTM,60578.86735,192.0574133,0.997589734,0.005507615,-1,,,,
CMER.TA,LSTM,689545.8746,631.372893,-0.10799412,0.189355882,-1,,,,
CNGL.TA,GRU,787.3020593,20.60197246,0.884239829,0.018518128,-0.5784594558,,,,
CNTC.TA,XGBoost,338358.9335,503.6547511,-15.81538866,43.33294293,-1,,,,
CNTL-M.TA,XGBoost,22124.81095,120.180077,-50.54180495,19.76508714,-1,,,,
CNZN.TA,XGBoost,6682.29282,54.87247635,-0.48801684,19.1651057,-1,,,,
CPIA.TA,LSTM,0.467306027,0.551694936,0.911356906,0.011917048,-0.5611175694,,,,
CPTP.TA,XGBoost,86.20345139,4.17914455,0.647469727,4.661722788,-1,,,,
CRML.TA,GRU,825.6229619,22.66289064,0.978113908,0.011120752,-1,,,,
CRMT.TA,LSTM,974.127488,18.45847615,0.988039588,0.270417544,-1,,,,
CRSM.TA,LSTM,2195.662132,23.19458962,0.990612437,0.007897394,-1.275238601,,,,
CRSR.TA,GRU,1034.098587,25.45197032,0.985486694,0.006377212,-1.032284341,,,,
CTPL1.TA,LightGBM,200589182,6208.513485,-0.237847558,0.2256256949,-1,,,,
CTPL5.TA,LightGBM,3175312787,34394.42775,-0.584638096,0.4651581041,-1,,,,
DANE.TA,GRU,86747.68005,237.8744644,0.993997807,0.006169891,-1,,,,
DANH.TA,GRU,13182.00154,86.8610864,-0.463320391,0.03744452,-1.032774548,,,,
DELG.TA,GRU,44640.59024,106.1698774,0.984740196,0.00551705,-1.072078265,,,,
DIFI.TA,LSTM,54643.41783,182.2837693,0.997026491,0.003204532,-1.134804573,,,,
DIMRI.TA,GRU,1270092.017,402.8593916,0.642774621,0.011705764,-1.061007069,,,,
DIPL.TA,LSTM,1320.598402,25.04411394,0.99728332,0.005378708,-1.225236979,,,,
DISI.TA,LightGBM,49.00165892,5.461001065,0.977982001,0.01499308079,-1,,,,
DLEA.TA,GRU,689.894711,21.06203751,0.995879759,0.008381945,-1,,,,
DLEKG.TA,LightGBM,308864.0527,426.7793555,0.963994805,0.01029006095,-1,,,,
DLTI.TA,LSTM,6570.32555,43.77505476,0.966226784,0.00633214,-0.9616844751,,,,
DNA.TA,GRU,1.041998098,0.790495604,0.992954835,0.008701642,-1.258724573,,,,
DNYA.TA,GRU,41153.99876,163.4316194,0.964123463,0.013680577,-1,,,,
DORL.TA,LSTM,39.85754282,4.710573552,0.994620171,0.003453547,-0.9740421843,,,,
DRAL.TA,GRU,2311.98655,36.42349492,0.998601384,0.003891402,-1.286723332,,,,
DRSH.TA,XGBoost,5016.800798,40.75498296,0.539032952,0.03011966031,-1,,,,
DSCT.TA,LSTM,3436.523296,43.73526201,0.955583716,0.016630574,-1.275635528,,,,
DUNI.TA,GRU,415295.6919,545.8039885,0.943374774,0.021228657,-1,,,,
ECNR.TA,LSTM,2199.412615,40.22501733,0.946262029,0.014970006,-0.9871714136,,,,
ECP.TA,GRU,9492.889833,77.03105938,0.997481062,0.008519069,-1,,,,
ECPA-M.TA,LightGBM,111.5699979,1.325907524,0.025632622,0.08102940362,-0.6,,,,
EFCP.TA,GRU,16667.05381,92.72005461,-0.556716625,0.057698049,-0.001733532819,,,,
ELAL.TA,GRU,5889.816329,51.79246076,0.768982282,0.053368914,-1.299729199,,,,
ELCO.TA,GRU,11240.04215,64.90149071,0.997927784,0.004727781,-1.109507152,,,,
ELCP.TA,LSTM,46261.40619,49.35419441,0.518632205,0.022216264,-0.9847257298,,,,
ELCRE.TA,LSTM,563.0201717,19.00349851,0.995043463,0.004182218,-1.680459439,,,,
ELDAV-M.TA,XGBoost,0.085611513,0.215836377,-0.683783739,0.08944908231,-0.4479567236,,,,
ELLO.TA,LSTM,466.6157767,17.38781345,0.987992465,0.002980157,-0.9950855575,,,,
ELMR.TA,LSTM,254.2711045,11.34211428,0.997370673,0.007723775,-1.567980182,,,,
ELRN.TA,LSTM,38.80313884,3.954759736,0.975325623,0.009620958,-1.013505135,,,,
ELSPC.TA,GRU,296.6263244,10.49968597,0.982789253,0.012568184,-1.010489521,,,,
ELTR.TA,LightGBM,5721048.498,1820.786063,0.987440985,0.01270317383,-1,,,,
ELWS.TA,LSTM,21511.81292,111.3123155,0.992168905,0.005493509,-1.023904207,,,,
EMCO.TA,LSTM,77.15297482,7.308544225,0.988053013,0.008249585,-0.6629283941,,,,
EMDV.TA,GRU,396.2255489,16.2543073,0.996353815,0.006297416,-1.385056204,,,,
EMITF-M.TA,XGBoost,0.008770091,0.064814487,0.967085666,0.01541716747,-1,,,,
EMTC-M.TA,LSTM,1.127062973,0.80911641,0.892828971,0.039974258,-0.6735025712,,,,
ENDY.TA,XGBoost,64.6094407,5.973214784,0.954491681,0.02235933239,-0.664757503,,,,
ENLT.TA,GRU,588.4118594,19.39661558,0.982037215,0.0031949,-0.6,,,,
ENLV.TA,LSTM,452.760199,15.86229717,0.910542858,0.035585431,-0.7067908841,,,,
ENOG.TA,LSTM,452.7360329,15.66694902,0.987726505,0.003378039,-1.19831431,,,,
ENRG.TA,GRU,5.217659925,1.667034795,0.999014121,0.001387952,-1.122397313,,,,
EPIT.TA,LSTM,587.3362209,12.11526152,0.833513354,0.012033449,-0.9812734219,,,,
EQTL.TA,GRU,25951.14595,111.2203774,0.982901261,0.007694416,-0.924060591,,,,
ESLT.TA,XGBoost,18740803.47,2136.541454,0.600720716,0.02485210752,-1,,,,
ETGA.TA,LSTM,413.4011673,12.58259634,0.990236003,0.007028953,-0.988446346,,,,
EVGN.TA,LSTM,40114.34751,52.64657305,0.005146803,0.072570588,-0.9996271918,,,,
EXPO.TA,GRU,293211.9083,417.2250411,0.646896657,0.061617486,-0.6170027359,,,,
FBRT.TA,LSTM,22157.85905,81.81472634,0.990000756,0.005438833,-1,,,,
FEAT.TA,LSTM,94.95246068,7.801263563,0.966691959,0.746213566,-1.174653143,,,,
FGAS.TA,LSTM,119.9390627,9.916312412,0.950893474,0.008776915,-1.629529926,,,,
FIBI.TA,LSTM,42497.42492,157.8564857,0.981953745,0.008659377,-1.220653226,,,,
FIBIH.TA,LSTM,149528.5549,288.6939998,0.946634521,0.014575937,-1.059862705,,,,
FLYS.TA,XGBoost,4971.069127,65.13081706,-10.01941435,0.9637222867,-1,,,,
FORTY.TA,LSTM,11129.76515,75.38963591,0.997275557,0.002379503,-1.182119213,,,,
FOX.TA,GRU,41100.05479,150.9058626,0.985166266,0.005195412,-0.7609125485,,,,
FRDN.TA,LSTM,3244.086165,43.19376165,0.990489643,0.008565056,-1,,,,
FRSX.TA,GRU,9.109458759,1.660147873,0.493484911,0.127384664,-1,,,,
FTAL.TA,LSTM,49387.62694,164.983323,0.997651905,0.003346719,-1,,,,
G107.TA,LSTM,21.51988472,2.629139876,0.254969419,0.048170082,-1.038804032,,,,
GAGR.TA,GRU,53.55269032,5.31104079,0.988989537,0.01462018,-1.001849335,,,,
GAON-M.TA,GRU,85272.27687,133.3993386,0.519632417,0.061910358,-1.221717513,,,,
GCT.TA,LSTM,139.327104,8.885571747,0.983052074,0.006568348,-1.091732555,,,,
GEFR.TA,LSTM,0.222140402,0.376431877,0.979939345,0.005579011,-0.698678465,,,,
GFC-M.TA,GRU,2410.052605,41.21480642,0.992024868,0.652213882,-1.00657646,,,,
GIBUI.TA,XGBoost,0.274811618,0.368869179,0,0.4834458369,-0.8628511317,,,,
GILT.TA,GRU,195.8328003,9.420075616,0.99781255,0.004268175,-1.284399524,,,,
GIVO.TA,LightGBM,0.007915207,0.075389159,-5.086609179,0.3087256674,-1,,,,
GIX.TA,LSTM,1.476605125,0.890088138,0.888763682,0.052412823,-0.7849943764,,,,
GKL.TA,LSTM,1.05526031,0.554624364,0.984209129,0.007172901,-1.118424745,,,,
GLEN-M.TA,GRU,0.0000626,0.005661497,-0.227985596,0.184366639,-1.152076081,,,,
GLRS.TA,LSTM,959352.2841,680.150463,0.908235376,0.012876955,-1,,,,
GLTC.TA,XGBoost,127.0676655,10.0992335,-4.594442924,0.5446702726,-1,,,,
GLTL.TA,LSTM,0.360075858,0.442713946,0.994416135,0.006236876,-1.232558227,,,,
GMLA.TA,XGBoost,14290.79062,66.84285364,0.205834889,1.22212803,-0.6,,,,
GNCL.TA,GRU,113.5278293,6.898151198,-1.423173771,0.127433656,-0.952864874,,,,
GNGR.TA,LSTM,155.4790198,7.054509578,0.832014314,0.00749012,-1.217181756,,,,
GNRS.TA,LSTM,0.53404024,0.659659297,0.989964425,0.008671769,-1,,,,
GOHO.TA,LSTM,4691.231025,51.03606851,0.870222662,0.022415018,-1,,,,
GOLD.TA,XGBoost,36557.99664,109.7565768,0.96313865,0.008330418983,-1,,,,
GOLF.TA,LSTM,18.57315287,3.229266568,0.996242675,0.00507396,-1.185731764,,,,
GOSS.TA,GRU,4.069831807,1.548555394,0.996952741,0.003195458,-1,,,,
GOTO.TA,XGBoost,12.92949532,2.688404649,-21.6607708,0.6046553043,-0.499984462,,,,
GPGB-M.TA,LightGBM,374099.494,270.5182076,-0.241030394,0.2207709658,-1,,,,
GRAC.TA,LightGBM,2.038661939,1.189857099,0.69860612,0.09687986629,-1,,,,
GSFI.TA,GRU,6938.484854,71.49623207,0.909610116,0.019484775,-1.035943404,,,,
GUID.TA,LSTM,1119.687953,18.16298558,0.980396111,1.176241519,-1.475504063,,,,
GVYM.TA,GRU,94.10504828,7.807041813,0.989428722,0.002599815,-1.304387449,,,,
HAMAT.TA,LSTM,577.0985191,16.7636949,0.990176805,0.010200348,-0.9965717882,,,,
HARL.TA,GRU,39292.3473,128.5895098,0.958214877,0.02250773,-0.9361144451,,,,
HDST-M.TA,XGBoost,0.043139224,0.176198618,-1.097289638,0.5006401102,-0.3180095323,,,,
HGG.TA,GRU,306.6906106,13.16303677,0.99792186,0.005793026,-0.7387464944,,,,
HGGE.TA,LSTM,193.2200997,9.723780398,0.942849921,0.014035949,-1.014635466,,,,
HICN.TA,LSTM,14128.49221,57.47031499,-12.94665115,1.196344833,-1.373918255,,,,
HIPR.TA,GRU,450.1330516,16.71144474,0.962881565,0.008839892,-1,,,,
HLAN.TA,GRU,13930.53819,98.64899706,0.993311975,0.00450581,-1.145617289,,,,
HLMS.TA,LSTM,115.914929,8.365538311,0.96165683,0.013718265,-1,,,,
HMAM.TA,LSTM,12.90657732,2.186304566,0.953678102,0.005568269,-0.7323427493,,,,
HMGS.TA,XGBoost,31876.42246,142.1085663,-0.815456185,1.311267519,-1,,,,
HOD.TA,LSTM,1097.516208,25.94762707,0.997241947,0.005616724,-1.346605242,,,,
HRON.TA,GRU,3491799.789,1084.092345,0.987143178,0.00465663,-0.9290221365,,,,
HUMX.TA,LSTM,45.08862747,5.096352675,-2.732772734,0.157436776,-0.9412875421,,,,
IARG.TA,GRU,21.15183777,2.900911865,0.768702318,0.035430332,-0.3906996058,,,,
ICL.TA,LSTM,112.3418127,8.014728199,0.998329848,0.004451315,-0.9946914667,,,,
ICON.TA,LSTM,211.2000999,13.65225967,-0.370383752,0.030696928,-0.8967590402,,,,
IDIN.TA,GRU,118295.5585,222.2797021,0.954995125,0.014358019,-0.7188239533,,,,
IDMO.TA,GRU,389.5493697,12.18585034,0.624785152,0.030626325,-0.9693452188,,,,
IDNT.TA,GRU,1887.42364,28.08809766,0.881845852,0.074433002,-1.009651724,,,,
IES.TA,GRU,35866.08826,98.98812183,0.993469363,0.004489103,-1.383185354,,,,
IGLD.TA,XGBoost,789.7153897,23.00632709,-520.8225263,3.965104639,-0.8503293289,,,,
ILCO.TA,GRU,517897.3455,557.8715036,0.996422255,0.005945618,-1,,,,
ILDC.TA,LSTM,117.9032586,8.677799587,0.997244456,0.002537972,-1.250922515,,,,
ILDR.TA,LSTM,65.55699668,5.071605526,0.971053213,0.00646183,-0.8997563161,,,,
ILX.TA,LSTM,2128.392892,31.77063086,0.99421276,0.004440878,-1.102547772,,,,
IMCO.TA,GRU,11019.29011,74.27704312,0.950039271,0.01948147,-0.7264514822,,,,
IMED.TA,XGBoost,1505.513158,25.28588229,-0.424638105,9.283866857,-1,,,,
INCR.TA,LSTM,53.02820711,4.358860424,0.988746759,0.007427163,-0.9287700555,,,,
INFR-M.TA,XGBoost,223356.5247,411.8709348,-8.133647332,5414.356764,-0.2,,,,
ININ.TA,GRU,57.73777193,3.931608917,0.710652155,0.015562568,-1,,,,
INRM.TA,LSTM,57.18363294,5.729974345,0.998790285,0.003526822,-1.416977793,,,,
INTO.TA,LSTM,5915.901414,58.68705706,0.909309647,0.125408498,-0.2,,,,
INTR.TA,GRU,56742.76089,170.9700638,0.341645246,0.026071699,-1,,,,
ISCN.TA,GRU,80.77483736,7.358552509,0.99289049,0.005119667,-0.9238413066,,,,
ISHI.TA,LSTM,7380.939943,57.19870707,0.998275978,0.005536135,-0.9412767729,,,,
ISI.TA,GRU,92.81006818,7.777430945,0.985081047,0.005648299,-1.120549961,,,,
ISOP.TA,LightGBM,0.000234673,0.011263538,0.931904191,0.01540321825,-1,,,,
ISRA.TA,LightGBM,0.047675543,0.172242335,-1.523553849,0.1033344073,-1,,,,
ISRG.TA,XGBoost,35.34025733,3.918904487,0.890151866,0.02442115545,-1,,,,
ISRO.TA,GRU,6628.597521,61.86004656,0.979115269,0.007496885,-1.01786762,,,,
ISRS.TA,LSTM,145062.8212,310.9470223,0.996497281,0.003727842,-1.160029191,,,,
ISTA.TA,LSTM,8238.52059,72.71667256,0.988433422,0.007986278,-1.468844422,,,,
JBNK.TA,LSTM,884.3843421,22.26473293,0.985145608,0.012909015,-1.044355324,,,,
JCFN.TA,GRU,776.4232696,17.97180478,0.96250875,0.007812447,-0.7455147411,,,,
JNGO.TA,LSTM,1369.246342,32.90342759,-3.644665946,0.091772043,-0.9032815757,,,,
KAFR.TA,LSTM,489.7358518,16.3891094,0.995396537,0.005727288,-1.617002504,,,,
KARE.TA,LSTM,75.35251308,3.219276814,0.98191563,0.005733006,-1.552767199,,,,
KDST.TA,LSTM,2701.937351,30.0495827,0.984353137,0.024798543,-1.150123534,,,,
KEN.TA,LSTM,3754.611231,46.86103451,0.99243154,0.004224629,-1.408870259,,,,
KLIL.TA,LSTM,10528.49875,78.01577681,0.998814617,0.003309591,-1,,,,
KMDA.TA,LSTM,307.58458,12.6683378,0.995589638,0.005203756,-1,,,,
KNFM.TA,GRU,403.9367405,16.66724981,0.989595747,0.011473525,-1,,,,
KRDI.TA,GRU,4.826440066,1.37054936,0.996967839,0.004425216,-1.142171648,,,,
KRUR.TA,LSTM,1422.398307,25.4417109,0.997194674,0.00336477,-1.197637192,,,,
KSTN.TA,GRU,49.55924841,4.403540196,0.983619247,0.006479718,-0.9303749581,,,,
LAHAV.TA,LightGBM,22.1674111,3.771310994,0.988254317,0.01042477824,-1,,,,
LBRA.TA,LSTM,954.066006,24.08573776,0.757003936,0.022418991,-1,,,,
LCTX.TA,LightGBM,0.059719317,0.151511486,0.886674734,0.0552248734,-1,,,,
LEOF.TA,LSTM,73.80234947,5.078603433,0.9862527,0.014972776,-1,,,,
LEVI.TA,LSTM,132406.3649,275.0155777,0.996861056,0.007317856,-0.9777392896,,,,
LHIS.TA,XGBoost,51894.60253,114.275481,0.529796551,1.283423619,-1,,,,
LODZ.TA,GRU,43595.10365,187.3633987,0.892469043,0.258557164,-0.603624599,,,,
LPHL.TA,XGBoost,0.001481796,0.031060061,0.509679134,0.02835846887,-1,,,,
LPSN.TA,LSTM,4257.159122,46.47820728,0.235487033,0.111014622,-1,,,,
LSCO.TA,LSTM,8.988848335,2.007510989,0.995701214,0.005508096,-1.514881934,,,,
LUDN.TA,LSTM,321.4496672,13.78057535,0.995573874,0.006617751,-0.8181508233,,,,
LUMI.TA,LSTM,11193.26178,86.92762252,0.95114475,0.019488377,-1.184796766,,,,
LUZN.TA,LSTM,9.387334189,1.966139819,0.962577621,0.007068901,-0.7124905893,,,,
LVPR.TA,XGBoost,4887.338694,53.10853795,0.99078091,0.008513599663,-1,,,,
MAXO.TA,GRU,69.25342834,6.522227463,0.995047102,0.005513433,-1.417719563,,,,
MCLL.TA,LightGBM,1384.382821,23.3304978,0.888125175,0.03361699646,-0.2,,,,
MCMN.TA,GRU,20889.24464,110.9202381,0.997534972,0.004508738,-1.253504869,,,,
MCRNT.TA,XGBoost,31.66598777,4.400410742,0.531945441,0.02574462509,-1,,,,
MDIN.TA,XGBoost,0.141207332,0.293925818,-0.793444721,0.1835911062,-1,,,,
MDPR.TA,LSTM,7.388530587,1.73044189,0.99815131,0.00284125,-1.111001699,,,,
MDTR.TA,GRU,34.24591589,4.560712897,0.998489723,0.004525647,-1,,,,
MEDN.TA,XGBoost,10.65683015,2.418072634,0.886951518,0.01506397996,-1,,,,
MGDL.TA,GRU,200.0410571,10.22916593,0.978772559,0.014380147,-0.9971338856,,,,
MGIC.TA,GRU,726.0663148,21.20978903,0.98332613,0.004846168,-1.098142684,,,,
MGOR.TA,GRU,835.2578043,22.0596785,0.999268887,0.002021237,-1.691057847,,,,
MGRT.TA,GRU,21.58217261,3.735234999,0.998136247,0.006587079,-1.166480251,,,,
MIA.TA,LightGBM,4.132338962,1.48011978,0.902844806,0.05610702679,-1,,,,
MIFT.TA,GRU,488.9536067,18.4644007,-6.578924899,0.096211608,-1,,,,
MISH.TA,LSTM,1409953.501,656.6790245,0.801142054,0.030942837,-0.7218878366,,,,
MLD.TA,XGBoost,0.020428206,0.136761319,-13.89534692,6.13154233,-1,,,,
MLRN.TA,GRU,36.67674355,4.113019526,0.993192906,0.005367433,-1,,,,
MLSR.TA,GRU,28202.17116,140.0606816,0.994063106,0.00448688,-1,,,,
MLTM.TA,GRU,1636.832639,30.39765217,0.999214445,0.003910285,-1.449562217,,,,
MMHD.TA,LSTM,191064.8769,310.2473304,0.968513615,0.019719995,-1,,,,
MNIF.TA,LSTM,3471.66968,46.1810498,0.842979867,0.025658338,-1.161182801,,,,
MNIN.TA,GRU,157.2572058,8.922684141,0.997210782,0.006908546,-1.343778465,,,,
MNRT.TA,LSTM,0.233790924,0.340461076,0.998450748,0.001726946,-1,,,,
MPRS.TA,LSTM,188.1777303,8.013866756,0.728341332,1.016612338,-0.4527596814,,,,
MRG.TA,GRU,382.5373297,15.20098722,0.976715983,0.013044722,-0.9953211417,,,,
MRHL.TA,XGBoost,390.4285882,11.7339155,-0.171322325,2.970995166,-0.2,,,,
MSBI.TA,LSTM,1.095381534,0.674703639,0.991983472,0.005382458,-1.074073459,,,,
MSHR.TA,LSTM,12.99361197,2.977559492,0.979790511,0.004118083,-0.7521757233,,,,
MSKE.TA,LSTM,15.11491224,2.880206149,0.993193512,0.011241206,-1,,,,
MSLA.TA,LSTM,71.63078746,5.859570439,0.894855863,0.004489449,-0.8452993459,,,,
MSVT.TA,LSTM,1745.200453,16.35667747,-4.27315952,0.137717178,-1,,,,
MTLF.TA,LSTM,11.42272191,2.779919663,0.963750996,0.007615381,-1.068578549,,,,
MTRN.TA,LSTM,80801.09036,78.1825284,-7.477789287,0.085946779,-0.6,,,,
MTRX.TA,LSTM,3504.208743,51.04678446,0.994028237,0.005961202,-1.280662132,,,,
MVNE.TA,LSTM,19.04746742,3.654930601,0.996403894,0.003451247,-1.668662496,,,,
MYDS.TA,XGBoost,91.15385103,3.57215505,0.406922376,4.32862985,-1,,,,
MZTF.TA,LSTM,104853.6282,282.4151795,0.919639384,0.017125702,-0.9458756737,,,,
NAWI.TA,LSTM,55501.19985,167.1191774,0.872922551,0.038767451,-1.499903207,,,,
NFTA.TA,GRU,712.5971953,17.00229033,0.967830188,0.007185588,-1.009943633,,,,
NICE.TA,LSTM,222257.1881,372.0999728,0.989817515,0.006136362,-1.399152495,,,,
NISA.TA,GRU,237.8327325,11.97809537,0.986639844,0.008775325,-0.2,,,,
NOFR.TA,LSTM,122.4048467,8.310717293,0.998354212,0.000945419,-1.30034114,,,,
NRGN.TA,LSTM,154.1239085,9.709358324,0.864210199,0.030541714,-1,,,,
NSTR.TA,GRU,252.2598334,12.58009048,0.989134683,0.010021545,-1.591971719,,,,
NTGR.TA,XGBoost,139.2879126,9.21004838,0.985964615,0.008322754813,-1.065782729,,,,
NTML.TA,GRU,1758.635791,33.16118099,0.998231766,0.004004249,-1.271546681,,,,
NTNB.TA,LSTM,34.46494276,4.736681892,0.614663835,0.017864842,-1.246681216,,,,
NTO.TA,LSTM,17645.64424,89.27551774,0.997902019,0.008058538,-0.9848223682,,,,
NURI.TA,LSTM,14321.21235,67.45248618,-2.209456461,0.101164165,-0.9107655781,,,,
NVLG.TA,LSTM,1.707272651,0.996976888,0.99158901,0.005951622,-1.652747908,,,,
NVMI.TA,LSTM,8552636.904,1208.622829,0.886474726,0.014774807,-1.035542341,,,,
NVPT.TA,XGBoost,440.614211,18.40732785,-3.495298131,0.3574995799,-1,,,,
NWMD.TA,LSTM,609.75117,20.30304845,0.9664453,0.01645288,-1.422261697,,,,
NXFR.TA,GRU,46207.14105,206.6508368,-77.77445809,1.326659949,-0.8062041442,,,,
NXGN.TA,LSTM,28.14037286,3.530560766,-0.002766432,0.052161259,-0.8216322393,,,,
NXSN.TA,XGBoost,567.5551926,22.46664352,-12.06736021,0.4795702851,-1,,,,
NXTG.TA,LSTM,8.378982373,1.755667577,0.954544859,0.021351916,-1.168699645,,,,
NXTM.TA,LightGBM,125.0002576,8.788505809,0.977849549,0.01246805823,-1,,,,
NYAX.TA,GRU,19270.19595,86.40435081,0.991880309,0.007073386,-1,,,,
ONE.TA,GRU,3810.143631,44.80900332,0.993943692,0.00680575,-1,,,,
OPAL.TA,GRU,4.029203174,1.638196106,0.995453096,0.008013129,-1.01174271,,,,
OPCE.TA,LSTM,188.9441158,9.509115411,0.991324338,0.003141309,-1.670932935,,,,
OPK.TA,LSTM,209.732715,6.804834355,0.851483056,0.012092597,-1.007436457,,,,
ORA.TA,GRU,15001.58276,103.2941526,0.997793707,0.003888923,-1.466002125,,,,
ORAD.TA,LightGBM,1.086243812,0.709402584,0.956761541,0.01172152934,-1,,,,
ORBI.TA,GRU,11526.17721,77.70595738,0.931234441,0.025146057,-0.7186757911,,,,
ORIN.TA,LSTM,1087.597656,20.47269324,0.981822059,0.009056957,-1.508638752,,,,
ORL.TA,LSTM,0.326674373,0.429391729,0.991457151,0.004291171,-1.088755868,,,,
ORMP.TA,XGBoost,0.140905191,0.3135844,0.850115745,0.0349346344,-1,,,,
ORON.TA,LSTM,85.76783474,6.179977725,0.994210491,0.006019245,-1.658328654,,,,
ORTC.TA,GRU,3433.217391,26.65739809,0.78686902,0.031267887,-1.028399869,,,,
OVRS.TA,LSTM,1.82775482,0.798966474,0.998753929,0.002089322,-0.7942011952,,,,
PAYT.TA,LSTM,2590.990131,38.51455562,0.972984497,0.005594251,-1,,,,
PAZ.TA,LSTM,2161007.612,1038.741762,0.925054912,0.020563938,-1.242302348,,,,
PCBT.TA,LSTM,2619.466926,41.17909737,0.737873289,0.050593011,-1,,,,
PEN.TA,XGBoost,2.872662015,1.242946391,0.994607053,0.007937550875,-1,,,,
PERI.TA,GRU,9597.26788,41.30762922,0.600824189,0.013031318,-1,,,,
PHOE.TA,LightGBM,236913.1447,292.7100965,-0.057550111,0.06760946868,-1,,,,
PHTM.TA,GRU,540.5807124,19.01174697,0.973695155,0.006323884,-0.5162048794,,,,
PLAZ-L.TA,LightGBM,2592.247683,33.03574196,0.802373701,9.287573577,-1,,,,
PLCR.TA,LSTM,1244.012279,20.18870597,0.920028183,1.073778424,-1.266806067,,,,
PLNT.TA,GRU,4558.040502,40.4154931,-0.957451741,0.17569601,-1,,,,
PLRM.TA,LSTM,271930.5596,400.0649909,0.831187791,0.044462704,-0.6,,,,
PLSN.TA,LSTM,9597.193135,85.83944446,0.998799377,0.005080427,-0.8420349463,,,,
PLUR.TA,GRU,14870.5682,109.877591,0.291580715,0.064897348,-1.217092383,,,,
PMNT.TA,LSTM,19.01383693,3.274144205,0.993153486,0.008358099,-1,,,,
PMVM.TA,LSTM,687.4745793,16.28330856,0.454089846,0.080433775,-1.128380895,,,,
POLI.TA,LSTM,12870.15459,92.3135767,0.939905192,0.020295282,-1.236185981,,,,
POLP.TA,GRU,76.57140497,7.056793043,0.983920905,0.005808131,-1.067382272,,,,
POLY.TA,LightGBM,12.50798072,2.636197671,-0.381089522,0.06521116924,-1,,,,
PPBT.TA,XGBoost,476.1120595,20.04773659,-5.891084208,1.791548417,-1,,,,
PPIL.TA,LightGBM,28590.96379,87.0222141,0.161236758,11.24066513,-0.2,,,,
PRIM.TA,LSTM,2607.194318,30.28997439,0.970202818,0.025651209,-0.9041470972,,,,
PRKM.TA,LSTM,62.08489178,4.328062996,0.801615402,0.007685609,-0.8256538597,,,,
PRMG.TA,LSTM,615.2488514,17.13866434,0.838987341,0.011545139,-0.9631731455,,,,
PRPD.TA,LSTM,123.9680042,8.33585414,0.943433117,0.004146901,-1,,,,
PRSK.TA,GRU,3235.225807,44.13649138,0.996790044,0.004212199,-1.334520316,,,,
PRTC.TA,LSTM,42784.66943,152.1462954,0.982117464,0.00890556,-0.7601192244,,,,
PTBL.TA,LSTM,53419.15459,198.8365306,0.982230521,0.007723671,-1.027215488,,,,
PTCH.TA,LightGBM,0.003664595,0.047417744,0.988305242,0.02115629562,-1,,,,
PTNR.TA,LSTM,438.5644686,14.56800482,0.997962159,0.006471571,-0.7705599516,,,,
PTX.TA,GRU,192.5169312,5.512898187,0.803046762,0.084541398,-1.028820759,,,,
PULS.TA,GRU,2785.474009,22.87197864,0.669297246,0.049412043,-1.021095816,,,,
QLRD.TA,LSTM,1487.108889,23.72861375,0.975057009,0.006540919,-1,,,,
QLTU.TA,LSTM,11505985.03,2362.540524,0.52254006,0.0906171,-1,,,,
QNCO.TA,GRU,103.7173817,5.677573443,0.989598897,0.010296228,-1,,,,
RANI.TA,GRU,7.341282596,1.935176863,0.99882861,0.005306443,-1.010351882,,,,
RATI.TA,LightGBM,0.054008685,0.134464285,0.276926128,0.04229121356,-1,,,,
RAVD.TA,GRU,8.60757826,2.22822058,0.995650202,0.002797161,-0.7134226219,,,,
RAYG-M.TA,XGBoost,161.8802681,6.409216383,0.736823188,0.9645394545,-0.8351541965,,,,
REKA.TA,LSTM,149.2220827,7.934170925,0.919537194,0.005641974,-1.027693754,,,,
RIMO.TA,LSTM,425.5398263,16.50273859,0.995429776,0.003355919,-0.7841410108,,,,
RIT1.TA,LSTM,23.46103778,3.936586839,0.999415404,0.002223873,-1.556711037,,,,
RLCO.TA,GRU,2067.272129,30.25438182,0.996268419,0.0063821,-0.9038145943,,,,
RMLI.TA,GRU,7022.568698,53.40206023,0.998508197,0.002152524,-1,,,,
RMN.TA,LSTM,82.0902177,6.647676429,0.996193929,0.004597817,-1.404761922,,,,
RMON.TA,GRU,648.1146101,21.08787178,0.992931574,0.004641737,-1.384971226,,,,
ROBO.TA,XGBoost,0.007028038,0.06565606,0.78224736,0.0619906502,-0.2,,,,
ROTS.TA,LSTM,32976.54489,132.4370497,0.974476376,0.019536062,-1,,,,
RPAC.TA,XGBoost,565.3599447,17.60935407,0.969226942,0.007016631648,-0.6,,,,
RSEL.TA,GRU,37107.97746,97.91545044,0.711707249,0.066749459,-0.2724702662,,,,
RTEN.TA,LightGBM,0.02630751,0.134577722,0.900909405,0.05842934236,-0.3586042574,,,,
RTLS.TA,GRU,1178.019821,24.6076236,0.997395912,0.003158213,-1.329915378,,,,
RTMD-L.TA,LightGBM,1225.199427,30.35624665,-2.850525318,0.870089599,-0.2,,,,
RTPT.TA,XGBoost,0.00234274,0.03588337,0.454463711,0.1709663907,-1,,,,
RVL.TA,GRU,695.0860547,6.736987588,0.241833937,0.03292424,-0.9030834695,,,,
RZR.TA,GRU,176.9119023,9.570157505,0.935968714,0.017667873,-1.133895106,,,,
SAE.TA,LSTM,11166.42505,88.78641575,0.783716188,0.023952352,-1,,,,
SANO1.TA,GRU,78826.74372,185.8129114,0.987347338,0.005616214,-0.924409331,,,,
SARN.TA,LSTM,0.32432937,0.416396661,0.94152152,0.006753603,-0.8153505734,,,,
SBEN.TA,LSTM,3.316653709,1.432320214,0.981397217,0.005778213,-1,,,,
SCC.TA,LSTM,50.44266003,3.504140335,-0.004225926,0.083234137,-1.002621982,,,,
SCDX.TA,XGBoost,48.8824131,5.162466119,0.91896203,0.01867292274,-1,,,,
SCOP.TA,LSTM,5660.377739,57.20432124,0.998316269,0.004258923,-1.575574229,,,,
SEMG.TA,LSTM,29.01457286,4.403287863,0.98682984,0.015392288,-0.5940532219,,,,
SFRN.TA,LSTM,9.457130158,2.000015648,0.996263982,0.002783866,-1.371117839,,,,
SHAN.TA,LightGBM,28.76408962,3.836419475,0.964394512,0.0112449829,-0.8796216355,,,,
SHGR.TA,GRU,264.0486008,12.68961978,0.99349064,0.010168652,-1.373383016,,,,
SHMM.TA,LSTM,27.49452689,3.464516477,0.900126666,0.023999975,-1,,,,
SHNP.TA,GRU,165.5666144,10.49134598,0.99719453,0.006919368,-0.8651795977,,,,
SHOM.TA,GRU,10.67113593,2.40193871,0.999445146,0.003098126,-1.471437564,,,,
SKBN.TA,LSTM,96.21172208,7.465626073,0.997513773,0.006603978,-1.082130594,,,,
SKLN.TA,GRU,143.2154267,8.723342381,0.992721238,0.004603316,-1.61310624,,,,
SLARL.TA,GRU,32.30774086,4.871250536,0.996597519,0.005405481,-1.437453099,,,,
SLRM.TA,LSTM,674.2675886,15.83462732,0.973283399,0.024980925,-0.4660163894,,,,
SMAG.TA,GRU,9235.978986,35.75492578,0.334224558,8.556845341,-0.2611956192,,,,
SMNR.TA,LightGBM,10.15139752,2.113486606,-0.263762807,0.1486587336,-1,,,,
SMT.TA,LSTM,1482.213093,29.73812015,0.981348935,0.005235109,-0.9073585504,,,,
SNCM.TA,LightGBM,6.82114354,1.153081822,0.926495631,0.01039928181,-1,,,,
SNEL.TA,GRU,212.4409169,11.28834362,0.989442689,0.007270938,-0.7288368341,,,,
SNFL.TA,GRU,84.12233083,7.325352575,0.959014153,0.013822285,-1,,,,
SOFW.TA,LSTM,324.3512421,15.42038321,0.975778569,0.00915168,-1,,,,
SOLR.TA,GRU,112.4088692,7.093344323,0.996274206,0.00204531,-1.079354283,,,,
SONO.TA,XGBoost,0.65918665,0.738664412,-6.569407515,1.101920937,-0.3643996097,,,,
SPDV.TA,XGBoost,495.6906227,14.50949308,0.544874804,0.03933113598,-1,,,,
SPEN.TA,GRU,106.9585636,8.593556678,0.998609371,0.003389112,-1.088207872,,,,
SPNS.TA,LSTM,12141.44369,48.4932288,0.996379798,0.004447758,-0.8754345588,,,,
SPNTC.TA,LSTM,64.5224478,5.900200239,0.907153007,0.0142762,-1.190076995,,,,
SPRG.TA,XGBoost,69789.36748,159.2610108,0.055730646,10.06528676,-1,,,,
SRAC.TA,LSTM,1111.524251,28.86542484,0.997947002,0.007220108,-1.196889394,,,,
SRFT.TA,LSTM,12300.94932,96.09913381,0.913412214,0.022710673,-1,,,,
STEC.TA,LSTM,290.6341529,6.882209865,0.978496084,0.137939154,-1.068608179,,,,
STG.TA,LSTM,73157.39975,170.5328097,0.861771511,0.031310691,-0.3718162299,,,,
STRG.TA,LSTM,376.1796393,9.620516503,-4.462389931,0.231128776,-1.91571271,,,,
STRS.TA,GRU,9544.80919,89.14079364,0.981994663,0.013121283,-1.0052401,,,,
STRW.TA,GRU,28154.65291,113.039799,0.062029975,0.025303334,-1.005172769,,,,
SVRE.TA,LightGBM,13749.46852,84.99151925,-16.65286144,9.890771779,-0.2,,,,
SVRT.TA,LSTM,13336.73032,42.46910562,-2.871724945,0.112594379,-0.9676598972,,,,
TATT.TA,GRU,1378113.122,948.2572019,0.368507881,0.099787417,-0.7970633326,,,,
TAYA.TA,LSTM,331.3672731,14.58244429,0.994913578,0.002353982,-1.127964114,,,,
TDRN.TA,LSTM,54564.63641,188.7750729,0.995378302,0.007857844,-1,,,,
TECT.TA,LSTM,43.37741101,5.011363005,0.981544608,0.011521247,-1.310524459,,,,
TEDE.TA,LightGBM,27422.29807,96.93031462,0.525086527,0.8214595288,-0.6,,,,
TEVA.TA,GRU,53667.35461,142.3956917,0.904348085,0.020193801,-1,,,,
TFRLF.TA,LSTM,4549.93597,44.07559812,0.951099661,0.013365121,-1.086222457,,,,
TGI.TA,LSTM,4.744030743,1.572366939,0.990554865,0.007943337,-1,,,,
TGTR.TA,GRU,272.6847454,11.11220903,0.867825436,0.024432537,-1.099289021,,,,
THES.TA,LSTM,32.22838767,4.602134437,0.996890144,0.009698278,-0.7853101781,,,,
TIGBUR.TA,LightGBM,2.278079651,1.026711698,0.913686468,0.02216640885,-1,,,,
TIGI.TA,LSTM,144.5570006,8.292150428,0.982613587,0.010104253,-1,,,,
TKUN.TA,GRU,3.251409613,1.345014847,0.604942624,0.037063532,-0.9903780278,,,,
TLSY.TA,LSTM,12432.66854,70.09631948,0.979330361,0.003999422,-1,,,,
TMIS.TA,LightGBM,915.2857455,18.57552318,0.926791297,0.01738183441,-1,,,,
TMRP.TA,LSTM,10472.87532,63.87506474,0.942657045,0.022496449,-1.06929555,,,,
TNDO.TA,LSTM,121.2436374,3.425676669,0.78462717,0.007829827,-1.052351837,,,,
TNPV.TA,LSTM,410.2916174,12.23527906,0.991360261,0.009976278,-1.297179143,,,,
TOEN.TA,LSTM,5329.381814,44.42080017,0.948968673,0.020582484,-1.071386503,,,,
TOPS.TA,LSTM,73.92129706,5.958294563,0.996635949,0.005681738,-1.441615088,,,,
TRA.TA,LSTM,5.08349072,1.249911549,0.957506687,0.031121559,-1.03267387,,,,
TRAN.TA,GRU,16.24713223,2.743047567,0.860856738,0.026831775,-0.6646234954,,,,
TRLT.TA,XGBoost,114.6237787,7.250164172,0.96692478,0.01039664408,-1,,,,
TRPZ.TA,LSTM,639.1197601,19.14741985,0.994171293,0.00807468,-1,,,,
TRX.TA,LSTM,93.21445223,8.380396891,0.930920552,0.017125772,-0.7348592755,,,,
TSEM.TA,LSTM,159920.227,300.4770565,0.914817536,0.017338699,-1.111152884,,,,
TTAM.TA,LSTM,10.07010672,2.690515643,0.996322683,0.004133419,-1,,,,
TURB.TA,GRU,191.4705163,9.635230526,0.978375192,0.01086274,-1,,,,
TUZA.TA,LightGBM,1.078474916,0.768009581,0.942540376,0.020799143,-0.6,,,,
UMH.TA,GRU,3528002.075,1735.342098,0.517790384,5.26335694,-1,,,,
UNCT.TA,LightGBM,3845.014395,61.71969319,-70.36864677,2.402457052,-1,,,,
UNIT.TA,GRU,1643.695539,30.47395897,0.9427157,0.01128531,-0.7231780715,,,,
UNTC.TA,XGBoost,2562.835464,27.78819477,0.388615825,8.21238256,-1,,,,
UPSL.TA,XGBoost,2455.326663,45.44310375,-4.285330485,2.5080061,-1,,,,
UTRN.TA,LSTM,47.27018098,4.93404874,0.99808477,0.008373622,-0.793645308,,,,
VCTR.TA,GRU,3219.862159,45.59910748,0.976691454,0.008651963,-0.813945245,,,,
VILR.TA,LSTM,11674.07968,74.24794876,0.991785232,0.004407676,-1,,,,
VISN.TA,GRU,60644.52328,122.4388185,0.988678422,0.474429431,-1.007439726,,,,
VRDS.TA,GRU,827.6329918,25.46865534,0.898395472,0.010531523,-1.491065083,,,,
VTNA.TA,GRU,85.33981972,7.398563004,0.99772654,0.00316766,-1.194224532,,,,
WATR.TA,XGBoost,3000.009565,45.19207835,-0.623370982,0.6071347077,-1,,,,
WESR.TA,LSTM,65.52699641,6.456532352,0.968695062,0.01364888,-1,,,,
WILC.TA,LSTM,2051.302396,30.61372654,0.996193619,0.005776231,-0.5211519958,,,,
WILK.TA,LSTM,3.756121009,1.650137254,0.966231113,0.058914171,-1,,,,
WLFD.TA,LSTM,667.7994104,20.2102535,0.995745218,0.007980033,-1,,,,
WNBZ.TA,XGBoost,1.073275374,0.729644277,0.968093327,0.03155658431,-1,,,,
XTLB.TA,GRU,0.031297819,0.092227744,0.980793315,0.014520866,-0.7556512308,,,,
YAAC.TA,LightGBM,0.998260151,0.649604829,0.948905336,0.01616062075,-1,,,,
YBOX.TA,XGBoost,2.543712646,1.198076692,0.969322283,0.01523708713,-0.9532849125,,,,
YBRD.TA,XGBoost,152254.7636,329.7291968,0.537151789,3.300901894,-1,,,,
YHNF.TA,LSTM,9938.035613,67.68119656,0.993902089,0.002881018,-0.7599584691,,,,
ZMH.TA,LSTM,1978.690289,37.72023549,0.991620964,0.010114306,-0.9857980329,,,,
ZNKL.TA,GRU,6894.574497,65.54027259,0.92018365,0.015656445,-1,,,,
ZOOZ.TA,LSTM,1037.885245,26.38586976,0.949941387,0.035138955,-1,,,,
ZPRS.TA,GRU,3262.997449,48.91397353,0.534922406,0.034597088,-1,,,,
ZUR.TA,LSTM,18.57178048,3.039554349,0.998664671,0.003750562,-1,,,,